Date,Open,High,Low,Close,Adj Close,Volume
1962-01-02,7.374124,7.374124,7.291268,7.291268,1.591517,407940
1962-01-03,7.291268,7.355003,7.291268,7.355003,1.605428,305955
1962-01-04,7.355003,7.355003,7.278521,7.281708,1.589428,274575
1962-01-05,7.272148,7.272148,7.125558,7.138305,1.558128,384405
1962-01-08,7.131931,7.131931,6.947100,7.004461,1.528913,572685
1962-01-09,7.036329,7.176546,7.036329,7.087317,1.546998,517770
1962-01-10,7.100064,7.131931,7.100064,7.100064,1.549780,313800
1962-01-11,7.119184,7.176546,7.119184,7.176546,1.566476,337335
1962-01-12,7.189293,7.240280,7.189293,7.189293,1.569258,462855
1962-01-15,7.214786,7.237094,7.214786,7.221160,1.576214,266730
1962-01-16,7.214786,7.214786,7.144678,7.144678,1.559519,266730
1962-01-17,7.112811,7.112811,7.010835,7.029955,1.534479,439320
1962-01-18,7.049076,7.119184,7.049076,7.049076,1.538651,392250
1962-01-19,7.049076,7.068196,6.972594,7.055449,1.540043,423630
1962-01-22,7.055449,7.125558,7.036329,7.042702,1.537259,290265
1962-01-23,7.039516,7.049076,6.959847,6.972594,1.521958,392250
1962-01-24,6.972594,7.010835,6.937540,7.010835,1.530304,431475
1962-01-25,7.010835,7.068196,6.921606,6.934353,1.513612,337335
1962-01-26,6.934353,6.959847,6.896112,6.899299,1.505959,258885
1962-01-29,6.899299,6.947100,6.781389,6.781389,1.480223,611910
1962-01-30,6.781389,6.819630,6.695347,6.695347,1.461440,776655
1962-01-31,6.762269,6.908859,6.762269,6.908859,1.508045,800190
1962-02-01,6.978967,7.087317,6.978967,7.068196,1.542825,674670
1962-02-02,7.068196,7.112811,7.036329,7.112811,1.552562,533460
1962-02-05,7.112811,7.112811,6.985341,7.023582,1.533086,329490
1962-02-06,7.023582,7.036329,6.998088,7.029955,1.534687,274575
1962-02-07,7.036329,7.074570,7.036329,7.036329,1.536078,266730
1962-02-08,7.036329,7.074570,7.036329,7.042702,1.537469,23535
1962-02-09,7.042702,7.093690,7.010835,7.093690,1.548602,455010
1962-02-12,7.093690,7.151052,7.087317,7.100064,1.549992,298110
1962-02-13,7.100064,7.106437,6.985341,6.985341,1.524948,274575
1962-02-14,6.985341,7.010835,6.959847,6.972594,1.522165,219660
1962-02-15,6.972594,6.972594,6.940727,6.947100,1.516600,243195
1962-02-16,6.947100,6.972594,6.940727,6.940727,1.515209,235350
1962-02-19,6.940727,6.972594,6.857871,6.870618,1.499903,298110
1962-02-20,6.873805,6.908859,6.873805,6.873805,1.500599,305955
1962-02-21,6.873805,6.921606,6.822817,6.822817,1.489467,384405
1962-02-23,6.832377,6.857871,6.832377,6.845124,1.494337,305955
1962-02-26,6.845124,6.851498,6.806883,6.819630,1.488772,313800
1962-02-27,6.819630,6.876992,6.781389,6.832377,1.491553,368715
1962-02-28,6.832377,6.845124,6.794136,6.845124,1.494337,282420
1962-03-01,6.870618,6.927980,6.870618,6.927980,1.512426,298110
1962-03-02,6.985341,7.023582,6.985341,6.985341,1.524948,258885
1962-03-05,6.985341,6.985341,6.934353,6.959847,1.519382,376560
1962-03-06,6.959847,6.991714,6.947100,6.966221,1.520773,196125
1962-03-07,6.966221,6.988528,6.947100,6.988528,1.525643,133365
1962-03-08,6.988528,7.004461,6.947100,7.004461,1.529122,196125
1962-03-09,7.010835,7.049076,7.010835,7.049076,1.538861,305955
1962-03-12,7.049076,7.068196,7.023582,7.042702,1.537469,298110
1962-03-13,7.042702,7.042702,7.010835,7.036329,1.536078,133365
1962-03-14,7.036329,7.055449,7.010835,7.023582,1.533295,211815
1962-03-15,7.023582,7.061823,7.010835,7.010835,1.530512,258885
1962-03-16,7.010835,7.042702,7.010835,7.042702,1.537469,172590
1962-03-19,7.055449,7.087317,7.055449,7.061823,1.541645,392250
1962-03-20,7.049076,7.049076,7.017208,7.017208,1.531905,172590
1962-03-21,7.017208,7.036329,6.998088,7.023582,1.533295,274575
1962-03-22,6.998088,6.998088,6.947100,6.947100,1.516600,251040
1962-03-23,6.953474,6.985341,6.953474,6.972594,1.522165,196125
1962-03-26,6.972594,6.998088,6.959847,6.969407,1.521470,141210
1962-03-27,6.953474,6.953474,6.832377,6.838751,1.492946,368715
1962-03-28,6.845124,6.896112,6.845124,6.876992,1.501295,345180
1962-03-29,6.876992,6.908859,6.857871,6.857871,1.497120,243195
1962-03-30,6.845124,6.845124,6.759082,6.790950,1.482512,462855
1962-04-02,6.787763,6.787763,6.698534,6.698534,1.462335,392250
1962-04-03,6.692161,6.692161,6.462715,6.532823,1.426160,957090
1962-04-04,6.532823,6.590185,6.504143,6.504143,1.419899,682515
1962-04-05,6.539197,6.641173,6.539197,6.641173,1.449813,957090
1962-04-06,6.641173,6.692161,6.590185,6.634799,1.448422,455010
1962-04-09,6.634799,6.673040,6.590185,6.641173,1.449813,23535
1962-04-10,6.641173,6.666667,6.602932,6.666667,1.455380,274575
1962-04-11,6.666667,6.717655,6.577438,6.577438,1.435898,556995
1962-04-12,6.577438,6.590185,6.507330,6.507330,1.420594,423630
1962-04-13,6.507330,6.602932,6.500956,6.602932,1.441465,658980
1962-04-16,6.602932,6.647546,6.526450,6.596558,1.440074,533460
1962-04-17,6.596558,6.628426,6.564691,6.628426,1.447029,313800
1962-04-18,6.628426,6.685787,6.609305,6.615679,1.444248,447165
1962-04-19,6.615679,6.641173,6.590185,6.615679,1.444248,407940
1962-04-23,6.615679,6.622052,6.583811,6.609305,1.442855,329490
1962-04-24,6.609305,6.650733,6.596558,6.602932,1.441465,478545
1962-04-25,6.602932,6.628426,6.532823,6.532823,1.426160,486390
1962-04-26,6.526450,6.526450,6.367113,6.367113,1.389984,972780
1962-04-27,6.367113,6.437221,6.118547,6.188655,1.351026,1710210
1962-04-30,6.188655,6.246017,5.736138,5.787126,1.263369,2455485
1962-05-01,5.787126,5.920969,5.481198,5.889101,1.285631,5562105
1962-05-02,5.991077,6.169535,5.991077,6.022945,1.314849,2675145
1962-05-03,6.022945,6.169535,5.978330,6.147228,1.341982,1427790
1962-05-04,6.147228,6.195029,6.086679,6.195029,1.352417,815880
1962-05-07,6.195029,6.242830,6.057999,6.057999,1.322503,870795
1962-05-08,6.050032,6.050032,5.857234,5.857234,1.278876,1082610
1962-05-09,5.857234,5.911409,5.736138,5.748885,1.255218,1678830
1962-05-10,5.748885,5.860421,5.723391,5.774379,1.260785,2000475
1962-05-11,5.774379,5.863607,5.659656,5.685150,1.241304,1984785
1962-05-14,5.685150,5.793499,5.586361,5.793499,1.264960,2855580
1962-05-15,5.793499,5.901848,5.761632,5.761632,1.258001,1765125
1962-05-16,5.761632,5.857234,5.761632,5.825366,1.271919,925710
1962-05-17,5.825366,5.825366,5.697897,5.723391,1.249652,1019850
1962-05-18,5.723391,5.755258,5.678776,5.755258,1.256611,768810
1962-05-21,5.755258,5.755258,5.685150,5.736138,1.252436,415785
1962-05-22,5.729764,5.729764,5.544933,5.544933,1.210687,1051230
1962-05-23,5.544933,5.583174,5.293180,5.293180,1.155719,3028170
1962-05-24,5.293180,5.430210,5.073295,5.073295,1.107710,4346130
1962-05-25,5.073295,5.188018,4.945825,5.079669,1.109102,4503030
1962-05-28,5.060548,5.060548,4.525175,4.601657,1.004732,4518720
1962-05-29,4.659018,4.933078,4.659018,4.882091,1.065961,4040175
1962-05-31,4.971319,5.098789,4.971319,5.003187,1.092402,4322595
1962-06-01,4.984066,4.984066,4.878904,4.907584,1.071529,2526090
1962-06-04,4.843850,4.843850,4.588910,4.588910,1.001948,1898490
1962-06-05,4.588910,4.767368,4.499681,4.641491,1.013428,3310590
1962-06-06,4.641491,4.792862,4.614404,4.659018,1.017256,3012480
1962-06-07,4.690886,4.767368,4.690886,4.716380,1.029779,1286580
1962-06-08,4.719567,4.792862,4.719567,4.732314,1.033260,1223820
1962-06-11,4.732314,4.741874,4.569790,4.576163,0.999165,1247355
1962-06-12,4.525175,4.525175,4.271829,4.271829,0.932717,3483180
1962-06-13,4.271829,4.372212,4.107712,4.112492,0.897927,4589325
1962-06-14,4.112492,4.228808,3.824092,3.900574,0.851656,6989895
1962-06-15,3.900574,4.263862,3.830465,4.251115,0.928194,6621180
1962-06-18,4.251115,4.330784,4.047164,4.203314,0.917757,4989420
1962-06-19,4.203314,4.282983,4.155513,4.282983,0.935152,2204445
1962-06-20,4.282983,4.369025,4.181007,4.181007,0.912887,3200760
1962-06-21,4.130019,4.130019,4.018483,4.024857,0.878792,3883275
1962-06-22,4.024857,4.098152,3.957935,4.079031,0.890621,3530250
1962-06-25,4.079031,4.282983,4.021670,4.238368,0.925410,3969570
1962-06-26,4.238368,4.321224,4.079031,4.079031,0.890621,3381195
1962-06-27,4.085405,4.244742,4.085405,4.244742,0.926802,3098775
1962-06-28,4.273423,4.442320,4.273423,4.384959,0.957417,4275525
1962-06-29,4.384959,4.429573,4.311663,4.324410,0.944197,2957565
1962-07-02,4.324410,4.461440,4.314850,4.461440,0.974117,1459170
1962-07-03,4.461440,4.509242,4.435946,4.480561,0.978291,2706525
1962-07-05,4.480561,4.499681,4.445507,4.461440,0.974117,2110305
1962-07-06,4.410453,4.410453,4.359465,4.397706,0.960200,1702365
1962-07-09,4.397706,4.467814,4.346718,4.464627,0.974812,1976940
1962-07-10,4.541109,4.611217,4.541109,4.572976,0.998469,3192915
1962-07-11,4.572976,4.773741,4.553856,4.772148,1.041957,3467490
1962-07-12,4.783301,4.968133,4.783301,4.831103,1.054829,3451800
1962-07-13,4.831103,4.862970,4.748247,4.796048,1.047175,2204445
1962-07-16,4.796048,4.875717,4.748247,4.875717,1.064570,1733745
1962-07-17,4.875717,4.901211,4.716380,4.717973,1.030129,1788660
1962-07-18,4.717973,4.741874,4.614404,4.655832,1.016560,2549625
1962-07-19,4.681326,4.792862,4.681326,4.684512,1.022822,2298585
1962-07-20,4.697259,4.767368,4.697259,4.741874,1.035347,713895
1962-07-23,4.741874,4.805609,4.735500,4.754621,1.038130,878640
1962-07-24,4.729127,4.729127,4.630338,4.630338,1.010993,933555
1962-07-25,4.630338,4.697259,4.572976,4.684512,1.022822,1969095
1962-07-26,4.706820,4.754621,4.706820,4.710006,1.028388,996315
1962-07-27,4.710006,4.791268,4.706820,4.791268,1.046132,996315
1962-07-30,4.821542,4.937859,4.821542,4.937859,1.078139,2981100
1962-07-31,4.937859,5.015934,4.933078,4.933078,1.077094,2902650
1962-08-01,4.920331,4.920331,4.796048,4.796048,1.047175,1278735
1962-08-02,4.799235,4.917145,4.799235,4.917145,1.073615,1561155
1962-08-03,4.917145,4.939452,4.869344,4.907584,1.071529,996315
1962-08-06,4.907584,4.926705,4.837476,4.843850,1.057612,6911445
1962-08-07,4.839069,4.839069,4.757808,4.757808,1.039031,964935
1962-08-08,4.757808,4.882091,4.722753,4.866157,1.062693,1655295
1962-08-09,4.862970,4.862970,4.781708,4.799235,1.048078,1349340
1962-08-10,4.799235,4.840663,4.781708,4.789675,1.045990,1027695
1962-08-13,4.792862,4.840663,4.792862,4.827916,1.054341,1066920
1962-08-14,4.827916,4.920331,4.819949,4.920331,1.074523,1984785
1962-08-15,4.926705,5.025494,4.926705,4.926705,1.075916,2455485
1962-08-16,4.926705,5.006373,4.917145,4.923518,1.075220,1333650
1962-08-17,4.923518,4.990440,4.920331,4.964946,1.084266,933555
1962-08-20,4.990440,5.063735,4.990440,5.019120,1.096098,1890645
1962-08-21,5.019120,5.073295,4.996813,5.006373,1.093313,1357185
1962-08-22,5.015934,5.245379,5.015934,5.213512,1.138549,3459645
1962-08-23,5.213512,5.286807,5.191205,5.232632,1.142725,3059550
1962-08-24,5.232632,5.239006,5.194391,5.213512,1.138549,1310115
1962-08-27,5.213512,5.248566,5.194391,5.200765,1.135766,957090
1962-08-28,5.197578,5.197578,5.015934,5.015934,1.095402,2879115
1962-08-29,5.015934,5.047801,4.949012,4.984066,1.088442,2635920
1962-08-30,4.984066,5.028681,4.933078,4.942639,1.079396,996315
1962-08-31,4.952199,5.070108,4.952199,5.050988,1.103057,1286580
1962-09-04,5.050988,5.117909,4.920331,4.939452,1.078699,1702365
1962-09-05,4.939452,4.996813,4.862970,4.882091,1.066172,2353500
1962-09-06,4.882091,4.956979,4.856597,4.945825,1.080091,1898490
1962-09-07,4.945825,4.982473,4.872530,4.872530,1.064084,1380720
1962-09-10,4.872530,4.929892,4.811982,4.898024,1.069652,1890645
1962-09-11,4.898024,4.942639,4.856597,4.869344,1.063388,1616070
1962-09-12,4.875717,4.926705,4.875717,4.890057,1.067911,1365030
1962-09-13,4.890057,4.926705,4.886871,4.888464,1.067564,886485
1962-09-14,4.888464,4.958572,4.882091,4.949012,1.080787,1145370
1962-09-17,4.958572,5.044614,4.958572,5.035054,1.099577,1529775
1962-09-18,5.035054,5.097196,4.990440,4.996813,1.091226,2384880
1962-09-19,4.996813,5.015934,4.923518,4.923518,1.075220,1537620
1962-09-20,4.923518,4.964946,4.872530,4.878904,1.065477,925710
1962-09-21,4.875717,4.875717,4.786488,4.802422,1.048774,2235825
1962-09-24,4.748247,4.748247,4.611217,4.614404,1.007713,2745750
1962-09-25,4.614404,4.706820,4.576163,4.706820,1.027896,2557470
1962-09-26,4.706820,4.713193,4.531549,4.531549,0.989619,2149530
1962-09-27,4.531549,4.585723,4.442320,4.461440,0.974309,3012480
1962-09-28,4.464627,4.544296,4.464627,4.506055,0.984052,1482705
1962-10-01,4.506055,4.506055,4.337157,4.338751,0.947515,1937715
1962-10-02,4.375398,4.477374,4.375398,4.466221,0.975353,2965410
1962-10-03,4.466221,4.537922,4.423199,4.442320,0.970133,1882800
1962-10-04,4.442320,4.563416,4.423199,4.560229,0.995883,1365030
1962-10-05,4.560229,4.612811,4.528362,4.592097,1.002842,1820040
1962-10-08,4.592097,4.608031,4.576163,4.585723,1.001450,666825
1962-10-09,4.601657,4.684512,4.601657,4.668579,1.019546,1239510
1962-10-10,4.668579,4.738687,4.553856,4.577757,0.999712,1898490
1962-10-11,4.577757,4.633525,4.528362,4.537922,0.991011,1427790
1962-10-12,4.537922,4.547482,4.486934,4.528362,0.988924,1090455
1962-10-15,4.550669,4.678139,4.550669,4.678139,1.021632,972780
1962-10-16,4.678139,4.697259,4.557043,4.557043,0.995187,1317960
1962-10-17,4.557043,4.652645,4.531549,4.608031,1.006322,1443480
1962-10-18,4.608031,4.639898,4.526769,4.526769,0.988575,1027695
1962-10-19,4.526769,4.537922,4.435946,4.437540,0.969089,2479020
1962-10-22,4.396112,4.396112,4.318037,4.372212,0.954822,2871270
1962-10-23,4.372212,4.372212,4.206501,4.206501,0.918634,2635920
1962-10-24,4.206501,4.333971,4.104525,4.333971,0.946472,3859740
1962-10-25,4.333971,4.340344,4.231995,4.314850,0.942296,2800665
1962-10-26,4.295730,4.295730,4.196941,4.225621,0.922810,1623915
1962-10-29,4.308477,4.394519,4.308477,4.391332,0.958998,3687150
1962-10-30,4.391332,4.486934,4.348311,4.483748,0.979181,2769285
1962-10-31,4.474187,4.474187,4.388145,4.410453,0.963174,1231665
1962-11-01,4.410453,4.486934,4.359465,4.486934,0.979876,2086770
1962-11-02,4.486934,4.714786,4.423199,4.553856,0.994491,3279210
1962-11-05,4.579350,4.643085,4.579350,4.608031,1.006533,1812195
1962-11-07,4.608031,4.671765,4.537922,4.604844,1.005837,1827885
1962-11-08,4.604844,4.652645,4.528362,4.528362,0.989131,1333650
1962-11-09,4.550669,4.608031,4.550669,4.604844,1.005837,1153215
1962-11-12,4.659018,4.767368,4.659018,4.760994,1.039945,2275050
1962-11-13,4.760994,4.786488,4.674952,4.674952,1.021150,2212290
1962-11-14,4.681326,4.786488,4.681326,4.773741,1.042730,1929870
1962-11-15,4.773741,4.835883,4.748247,4.748247,1.037161,2180910
1962-11-16,4.748247,4.824729,4.703633,4.824729,1.053867,1569000
1962-11-19,4.824729,4.824729,4.741874,4.741874,1.035769,980625
1962-11-20,4.767368,4.823136,4.767368,4.797642,1.047950,1176750
1962-11-21,4.797642,4.840663,4.773741,4.808795,1.050386,1670985
1962-11-23,4.808795,4.945825,4.783301,4.945825,1.080318,2894805
1962-11-26,4.945825,5.031867,4.926705,4.955386,1.082406,2243670
1962-11-27,4.955386,5.044614,4.926705,5.031867,1.099112,1812195
1962-11-28,5.041428,5.111536,5.041428,5.066922,1.106768,2784975
1962-11-29,5.066922,5.111536,5.057361,5.111536,1.116514,1835730
1962-11-30,5.111536,5.121096,5.063735,5.079669,1.109553,1365030
1962-12-03,5.028681,5.028681,4.974506,4.990440,1.090062,1349340
1962-12-04,5.003187,5.109943,5.003187,5.101976,1.114425,1843575
1962-12-05,5.101976,5.175271,5.082855,5.082855,1.110249,2243670
1962-12-06,5.082855,5.146590,5.073295,5.079669,1.109553,1451325
1962-12-07,5.079669,5.133843,5.066922,5.066922,1.106768,1168905
1962-12-10,5.066922,5.108349,4.958572,4.958572,1.083102,1545465
1962-12-11,4.958572,5.003187,4.923518,4.939452,1.078926,1184595
1962-12-12,4.964946,5.028681,4.964946,5.019120,1.096327,808035
1962-12-13,5.019120,5.044614,4.939452,4.945825,1.080318,1176750
1962-12-14,4.945825,4.980880,4.913958,4.964946,1.084495,1043385
1962-12-17,4.964946,4.996813,4.894837,4.907584,1.071965,949245
1962-12-18,4.907584,4.949012,4.862970,4.872530,1.064308,917865
1962-12-19,4.872530,5.003187,4.872530,4.998407,1.091803,1012005
1962-12-20,4.998407,5.060548,4.998407,4.998407,1.091803,1333650
1962-12-21,4.998407,5.015934,4.910771,4.910771,1.072661,941400
1962-12-24,4.944232,5.022307,4.944232,5.022307,1.097023,713895
1962-12-26,5.022307,5.060548,5.000000,5.019120,1.096327,760965
1962-12-27,5.019120,5.044614,4.964946,4.984066,1.088670,823725
1962-12-28,4.984066,5.009560,4.977693,5.003187,1.092847,611910
1962-12-31,5.003187,5.031867,4.964946,4.971319,1.085887,1098300
1963-01-02,4.971319,4.971319,4.898024,4.904398,1.071269,2502555
1963-01-03,4.913958,5.054175,4.913958,5.054175,1.103984,1176750
1963-01-04,5.060548,5.108349,5.060548,5.060548,1.105377,1608225
1963-01-07,5.060548,5.108349,5.009560,5.019120,1.096327,925710
1963-01-08,5.060548,5.143403,5.060548,5.143403,1.123475,1890645
1963-01-09,5.143403,5.194391,5.114723,5.146590,1.124170,2000475
1963-01-10,5.159337,5.213512,5.159337,5.181644,1.131827,1623915
1963-01-11,5.181644,5.197578,5.149777,5.197578,1.135309,1412100
1963-01-14,5.197578,5.286807,5.197578,5.280433,1.153406,2588850
1963-01-15,5.280433,5.328235,5.258126,5.289994,1.155495,2180910
1963-01-16,5.283620,5.283620,5.188018,5.207138,1.137396,1325805
1963-01-17,5.216699,5.286807,5.216699,5.274060,1.152013,1270890
1963-01-18,5.274060,5.296367,5.232632,5.258126,1.148533,894330
1963-01-21,5.258126,5.277247,5.207138,5.277247,1.152709,917865
1963-01-22,5.277247,5.337795,5.277247,5.286807,1.154798,972780
1963-01-23,5.286807,5.309114,5.270873,5.280433,1.153406,690360
1963-01-24,5.280433,5.334608,5.277247,5.302741,1.158278,972780
1963-01-25,5.302741,5.334608,5.277247,5.334608,1.165240,729585
1963-01-28,5.350542,5.411090,5.350542,5.411090,1.181946,1663140
1963-01-29,5.411090,5.411090,5.372849,5.376036,1.174289,776655
1963-01-30,5.376036,5.382409,5.328235,5.347355,1.168024,753120
1963-01-31,5.347355,5.404716,5.328235,5.401530,1.179857,1043385
1963-02-01,5.401530,5.415870,5.391969,5.401530,1.179857,564840
1963-02-04,5.401530,5.407903,5.350542,5.356915,1.170112,658980
1963-02-05,5.356915,5.376036,5.321861,5.366475,1.172480,800190
1963-02-06,5.366475,5.401530,5.331421,5.331421,1.164820,737430
1963-02-07,5.340982,5.385596,5.340982,5.340982,1.166910,682515
1963-02-08,5.340982,5.372849,5.328235,5.353728,1.169694,627600
1963-02-11,5.353728,5.363289,5.325048,5.325048,1.163429,478545
1963-02-12,5.325048,5.334608,5.267686,5.334608,1.165517,957090
1963-02-13,5.334608,5.353728,5.321861,5.321861,1.162731,658980
1963-02-14,5.323454,5.363289,5.323454,5.325048,1.163429,878640
1963-02-15,5.325048,5.350542,5.321861,5.337795,1.166213,596220
1963-02-18,5.337795,5.347355,5.325048,5.326641,1.163776,470700
1963-02-19,5.326641,5.331421,5.280433,5.283620,1.154378,800190
1963-02-20,5.270873,5.270873,5.219885,5.239006,1.144630,941400
1963-02-21,5.239006,5.239006,5.175271,5.229446,1.142541,878640
1963-02-25,5.226259,5.226259,5.149777,5.149777,1.125135,635445
1963-02-26,5.149777,5.216699,5.133843,5.184831,1.132793,847260
1963-02-27,5.184831,5.215105,5.162524,5.165711,1.128616,462855
1963-02-28,5.165711,5.168897,5.086042,5.095602,1.113299,1176750
1963-03-01,5.095602,5.143403,5.063735,5.063735,1.106336,1074765
1963-03-04,5.098789,5.156150,5.098789,5.143403,1.123742,784500
1963-03-05,5.143403,5.143403,5.117909,5.121096,1.118868,478545
1963-03-06,5.121096,5.160931,5.101976,5.160931,1.127571,439320
1963-03-07,5.181644,5.223072,5.181644,5.210325,1.138364,753120
1963-03-08,5.210325,5.223072,5.188018,5.207138,1.137667,415785
1963-03-11,5.207138,5.235819,5.200765,5.203952,1.136971,509925
1963-03-12,5.203952,5.223072,5.191205,5.200765,1.136275,368715
1963-03-13,5.200765,5.229446,5.200765,5.210325,1.138364,478545
1963-03-14,5.210325,5.270873,5.194391,5.226259,1.141845,619755
1963-03-15,5.226259,5.274060,5.207138,5.267686,1.150896,533460
1963-03-18,5.267686,5.296367,5.216699,5.219885,1.140452,486390
1963-03-19,5.219885,5.239006,5.207138,5.226259,1.141845,431475
1963-03-20,5.232632,5.293180,5.232632,5.277247,1.152984,517770
1963-03-21,5.277247,5.289994,5.239006,5.242192,1.145326,831570
1963-03-22,5.242192,5.286807,5.239006,5.280433,1.153681,447165
1963-03-25,5.280433,5.296367,5.270873,5.270873,1.151592,502080
1963-03-26,5.277247,5.328235,5.277247,5.305927,1.159251,847260
1963-03-27,5.325048,5.366475,5.325048,5.366475,1.172480,886485
1963-03-28,5.366475,5.395156,5.353728,5.363289,1.171783,862950
1963-03-29,5.363289,5.382409,5.353728,5.366475,1.172480,502080
1963-04-01,5.366475,5.376036,5.356915,5.366475,1.172480,713895
1963-04-02,5.366475,5.382409,5.321861,5.321861,1.162731,588375
1963-04-03,5.328235,5.388783,5.328235,5.382409,1.175960,541305
1963-04-04,5.417463,5.479605,5.417463,5.466858,1.194412,1357185
1963-04-05,5.478011,5.634162,5.478011,5.634162,1.230965,1670985
1963-04-08,5.669216,5.745698,5.669216,5.731358,1.252200,1663140
1963-04-09,5.731358,5.742511,5.646909,5.669216,1.238623,1294425
1963-04-10,5.669216,5.681963,5.570427,5.638942,1.232008,972780
1963-04-11,5.638942,5.729764,5.611855,5.688337,1.242801,1341495
1963-04-15,5.688337,5.723391,5.646909,5.685150,1.242104,870795
1963-04-16,5.685150,5.701083,5.643722,5.643722,1.233053,682515
1963-04-17,5.643722,5.656469,5.602294,5.615041,1.226787,502080
1963-04-18,5.615041,5.659656,5.615041,5.615041,1.226787,305955
1963-04-19,5.646909,5.736138,5.646909,5.736138,1.253244,800190
1963-04-22,5.774379,5.854047,5.774379,5.825366,1.272740,1184595
1963-04-23,5.825366,5.876354,5.806246,5.876354,1.283879,878640
1963-04-24,5.885915,5.946463,5.885915,5.895475,1.288056,894330
1963-04-25,5.895475,5.927342,5.863607,5.922562,1.293975,729585
1963-04-26,5.922562,5.991077,5.895475,5.991077,1.308944,666825
1963-04-29,5.991077,6.048438,5.946463,5.971957,1.304766,549150
1963-04-30,5.971957,6.003824,5.889101,5.911409,1.291538,910020
1963-05-01,5.911409,5.971957,5.892288,5.927342,1.295018,627600
1963-05-02,5.930529,5.981517,5.930529,5.975143,1.305462,384405
1963-05-03,5.975143,5.976737,5.933716,5.933716,1.296412,321645
1963-05-06,5.924156,5.924156,5.841300,5.841300,1.276221,619755
1963-05-07,5.841300,5.892288,5.831740,5.867192,1.282157,564840
1963-05-08,5.879541,5.991077,5.879541,5.991077,1.309229,776655
1963-05-09,5.991077,6.061185,5.991077,5.997451,1.310623,1176750
1963-05-10,5.997451,6.054812,5.962396,6.054812,1.323157,494235
1963-05-13,6.051625,6.051625,5.994264,6.007011,1.312711,400095
1963-05-14,6.007011,6.022945,5.978330,5.997451,1.310623,470700
1963-05-15,5.997451,6.032505,5.997451,6.016571,1.314801,549150
1963-05-16,6.016571,6.042065,5.978330,5.991077,1.309229,470700
1963-05-17,5.991077,6.048438,5.943276,5.952836,1.300873,478545
1963-05-20,5.952836,5.971957,5.898662,5.898662,1.289035,455010
1963-05-21,5.898662,5.952836,5.889101,5.952836,1.300873,541305
1963-05-22,5.952836,6.042065,5.933716,5.940089,1.298087,353025
1963-05-23,5.940089,5.965583,5.920969,5.920969,1.293909,345180
1963-05-24,5.920969,5.956023,5.889101,5.901848,1.289730,305955
1963-05-27,5.895475,5.895475,5.838113,5.838113,1.275802,478545
1963-05-28,5.860421,5.911409,5.860421,5.863607,1.281373,470700
1963-05-29,5.901848,5.991077,5.901848,5.991077,1.309229,580530
1963-05-31,6.016571,6.099426,6.016571,6.083493,1.329426,1121835
1963-06-03,6.083493,6.102613,6.032505,6.032505,1.318283,886485
1963-06-04,6.032505,6.083493,6.016571,6.042065,1.320372,611910
1963-06-05,6.042065,6.067559,5.984704,5.991077,1.309229,517770
1963-06-06,5.991077,6.016571,5.965583,5.991077,1.309229,305955
1963-06-07,5.991077,5.997451,5.962396,5.968770,1.304355,376560
1963-06-10,5.968770,5.968770,5.889101,5.892288,1.287642,690360
1963-06-11,5.901848,5.962396,5.901848,5.927342,1.295301,290265
1963-06-12,5.927342,5.984704,5.901848,5.968770,1.304355,580530
1963-06-13,5.968770,6.042065,5.889101,5.908222,1.291123,470700
1963-06-14,5.908222,5.936902,5.889101,5.905035,1.290426,353025
1963-06-17,5.905035,5.908222,5.844487,5.854047,1.279285,447165
1963-06-18,5.854047,5.908222,5.844487,5.844487,1.277196,556995
1963-06-19,5.844487,5.860421,5.818993,5.825366,1.273017,682515
1963-06-20,5.825366,5.825366,5.739324,5.796686,1.266749,1239510
1963-06-21,5.799873,5.822180,5.799873,5.806246,1.268838,572685
1963-06-24,5.806246,5.828553,5.723391,5.723391,1.250732,815880
1963-06-25,5.723391,5.793499,5.685150,5.694710,1.244464,706050
1963-06-26,5.694710,5.697897,5.592734,5.592734,1.222180,1302270
1963-06-27,5.592734,5.637349,5.506692,5.535373,1.209644,1427790
1963-06-28,5.551307,5.586361,5.551307,5.560867,1.215216,682515
1963-07-01,5.560867,5.560867,5.430210,5.436584,1.188057,1561155
1963-07-02,5.462078,5.589547,5.462078,5.589547,1.221483,1223820
1963-07-03,5.599108,5.646909,5.599108,5.630975,1.230537,1074765
1963-07-05,5.637349,5.672403,5.637349,5.672403,1.239590,470700
1963-07-08,5.659656,5.659656,5.551307,5.557680,1.214520,627600
1963-07-09,5.557680,5.650096,5.535373,5.619822,1.228099,682515
1963-07-10,5.608668,5.608668,5.548120,5.570427,1.217305,674670
1963-07-11,5.570427,5.608668,5.532186,5.532186,1.208948,643290
1963-07-12,5.532186,5.564054,5.500319,5.500319,1.201985,596220
1963-07-15,5.500319,5.532186,5.470045,5.513066,1.204770,847260
1963-07-16,5.513066,5.554493,5.509879,5.548120,1.212430,831570
1963-07-17,5.548120,5.602294,5.503505,5.519439,1.206163,847260
1963-07-18,5.519439,5.541746,5.474825,5.474825,1.196414,949245
1963-07-19,5.474825,5.487572,5.455704,5.471638,1.195717,745275
1963-07-22,5.471638,5.487572,5.436584,5.455704,1.192234,627600
1963-07-23,5.455704,5.513066,5.439771,5.439771,1.188753,878640
1963-07-24,5.439771,5.493945,5.420650,5.462078,1.193628,658980
1963-07-25,5.462078,5.506692,5.462078,5.468451,1.195021,572685
1963-07-26,5.468451,5.506692,5.468451,5.500319,1.201985,407940
1963-07-29,5.506692,5.525813,5.506692,5.519439,1.206163,345180
1963-07-30,5.548120,5.646909,5.548120,5.646909,1.234018,1137525
1963-07-31,5.646909,5.710644,5.538560,5.538560,1.210341,1192440
1963-08-01,5.538560,5.573614,5.481198,5.544933,1.211734,1027695
1963-08-02,5.544933,5.570427,5.506692,5.506692,1.203377,376560
1963-08-05,5.506692,5.579987,5.500319,5.579987,1.219395,423630
1963-08-06,5.579987,5.634162,5.560867,5.630975,1.230818,855105
1963-08-07,5.630975,5.630975,5.572020,5.572020,1.217931,556995
1963-08-08,5.572020,5.627788,5.538560,5.595921,1.223156,533460
1963-08-09,5.595921,5.666029,5.589547,5.653282,1.235693,706050
1963-08-12,5.672403,5.704270,5.672403,5.678776,1.241265,855105
1963-08-13,5.691523,5.793499,5.691523,5.790312,1.265646,1482705
1963-08-14,5.790312,5.857234,5.742511,5.825366,1.273308,1380720
1963-08-15,5.825366,5.850860,5.787126,5.787126,1.264949,917865
1963-08-16,5.787126,5.825366,5.768005,5.768005,1.260770,455010
1963-08-19,5.768005,5.799873,5.761632,5.761632,1.259377,321645
1963-08-20,5.761632,5.787126,5.691523,5.691523,1.244053,502080
1963-08-21,5.701083,5.736138,5.701083,5.720204,1.250322,298110
1963-08-22,5.720204,5.768005,5.704270,5.768005,1.260770,517770
1963-08-23,5.768005,5.787126,5.710644,5.717017,1.249625,462855
1963-08-26,5.729764,5.758445,5.729764,5.736138,1.253804,392250
1963-08-27,5.736138,5.742511,5.634162,5.634162,1.231515,588375
1963-08-28,5.634162,5.710644,5.634162,5.653282,1.235693,658980
1963-08-29,5.653282,5.697897,5.640535,5.640535,1.232908,572685
1963-08-30,5.640535,5.672403,5.602294,5.669216,1.239177,706050
1963-09-03,5.677183,5.758445,5.677183,5.704270,1.246839,855105
1963-09-04,5.710644,5.761632,5.710644,5.710644,1.248231,910020
1963-09-05,5.710644,5.761632,5.697897,5.742511,1.255197,604065
1963-09-06,5.755258,5.895475,5.755258,5.844487,1.277488,1992630
1963-09-09,5.844487,5.895475,5.799873,5.818993,1.271916,941400
1963-09-10,5.818993,5.876354,5.818993,5.838113,1.276093,800190
1963-09-11,5.838113,5.882728,5.825366,5.825366,1.273308,925710
1963-09-12,5.825366,5.844487,5.793499,5.818993,1.271916,564840
1963-09-13,5.818993,5.869981,5.806246,5.806246,1.269128,635445
1963-09-16,5.806246,5.844487,5.799873,5.799873,1.267736,478545
1963-09-17,5.799873,5.857234,5.799873,5.801466,1.268084,698205
1963-09-18,5.801466,5.822180,5.704270,5.736138,1.253804,745275
1963-09-19,5.737731,5.799873,5.737731,5.790312,1.265646,604065
1963-09-20,5.790312,5.844487,5.787126,5.818993,1.271916,635445
1963-09-23,5.818993,5.866794,5.787126,5.793499,1.266342,847260
1963-09-24,5.799873,5.898662,5.799873,5.895475,1.288632,1153215
1963-09-25,5.895475,5.978330,5.838113,5.838113,1.276093,2212290
1963-09-26,5.838113,5.863607,5.739324,5.739324,1.254501,1741590
1963-09-27,5.739324,5.771192,5.697897,5.717017,1.249625,988470
1963-09-30,5.717017,5.768005,5.697897,5.761632,1.259377,674670
1963-10-01,5.761632,5.806246,5.732951,5.732951,1.253107,674670
1963-10-02,5.732951,5.748885,5.717017,5.726577,1.251714,360870
1963-10-03,5.736138,5.834927,5.736138,5.825366,1.273308,400095
1963-10-04,5.863607,5.927342,5.863607,5.882728,1.285846,1388565
1963-10-07,5.882728,5.984704,5.863607,5.984704,1.308137,1145370
1963-10-08,5.984704,6.013384,5.895475,5.895475,1.288632,2047545
1963-10-09,5.895475,5.965583,5.879541,5.895475,1.288632,949245
1963-10-10,5.895475,5.936902,5.869981,5.933716,1.296991,800190
1963-10-11,5.933716,6.002231,5.933716,5.978330,1.306743,1153215
1963-10-14,5.978330,6.067559,5.978330,6.067559,1.326246,1145370
1963-10-15,6.083493,6.140854,6.083493,6.093053,1.331819,1553310
1963-10-16,6.093053,6.258764,6.093053,6.249203,1.365950,1412100
1963-10-17,6.274697,6.328872,6.274697,6.274697,1.371523,1937715
1963-10-18,6.274697,6.316125,6.258764,6.306565,1.378488,800190
1963-10-21,6.306565,6.354366,6.297004,6.297004,1.376398,925710
1963-10-22,6.284257,6.284257,6.172721,6.195029,1.354108,1812195
1963-10-23,6.195029,6.249203,6.156788,6.156788,1.345751,886485
1963-10-24,6.182282,6.239643,6.182282,6.182282,1.351323,556995
1963-10-25,6.210962,6.297004,6.210962,6.290631,1.375005,815880
1963-10-28,6.322498,6.395793,6.322498,6.338432,1.385453,1937715
1963-10-29,6.338432,6.383047,6.233270,6.261950,1.368737,1396410
1963-10-30,6.261950,6.265137,6.172721,6.172721,1.349233,784500
1963-10-31,6.172721,6.297004,6.169535,6.297004,1.376398,745275
1963-11-01,6.297004,6.319312,6.210962,6.226896,1.361073,674670
1963-11-04,6.226896,6.261950,6.147228,6.169535,1.348881,564840
1963-11-06,6.166348,6.166348,6.080306,6.118547,1.337734,1027695
1963-11-07,6.118547,6.182282,6.118547,6.137667,1.341914,470700
1963-11-08,6.169535,6.207776,6.169535,6.175908,1.350274,549150
1963-11-11,6.188655,6.233270,6.188655,6.207776,1.357242,423630
1963-11-12,6.214149,6.284257,6.214149,6.220523,1.360029,917865
1963-11-13,6.220523,6.277884,6.220523,6.239643,1.364209,682515
1963-11-14,6.239643,6.258764,6.175908,6.207776,1.357242,674670
1963-11-15,6.207776,6.226896,6.159975,6.182282,1.351669,462855
1963-11-18,6.175908,6.175908,6.086679,6.124920,1.339126,447165
1963-11-19,6.124920,6.156788,6.019758,6.019758,1.316135,674670
1963-11-20,6.019758,6.118547,5.997451,6.016571,1.315438,972780
1963-11-21,6.016571,6.048438,5.914595,5.914595,1.293143,957090
1963-11-22,5.914595,6.000637,5.876354,5.930529,1.296626,839415
1963-11-26,5.930529,6.007011,5.917782,6.007011,1.313348,1106145
1963-11-27,6.007011,6.093053,6.000637,6.093053,1.332160,980625
1963-11-29,6.093053,6.204589,6.086679,6.185468,1.352365,713895
1963-12-02,6.220523,6.271511,6.220523,6.271511,1.371177,713895
1963-12-03,6.271511,6.290631,6.207776,6.239643,1.364209,706050
1963-12-04,6.236456,6.236456,6.156788,6.156788,1.346096,658980
1963-12-05,6.175908,6.239643,6.175908,6.214149,1.358635,572685
1963-12-06,6.214149,6.255577,6.163161,6.175908,1.350274,455010
1963-12-09,6.175908,6.182282,6.118547,6.169535,1.348881,643290
1963-12-10,6.156788,6.156788,6.118547,6.131294,1.340521,313800
1963-12-11,6.131294,6.156788,6.118547,6.118547,1.337734,258885
1963-12-12,6.118547,6.137667,6.057999,6.057999,1.324495,251040
1963-12-13,6.057999,6.086679,6.035692,6.057999,1.324495,360870
1963-12-16,6.061185,6.121734,6.061185,6.067559,1.326586,258885
1963-12-17,6.086679,6.163161,6.086679,6.163161,1.347487,470700
1963-12-18,6.163161,6.258764,6.163161,6.163161,1.347487,651135
1963-12-19,6.163161,6.207776,6.144041,6.156788,1.346096,502080
1963-12-20,6.156788,6.175908,6.099426,6.163161,1.347487,470700
1963-12-23,6.163161,6.201402,6.147228,6.156788,1.346096,627600
1963-12-24,6.163161,6.214149,6.163161,6.175908,1.350274,494235
1963-12-26,6.195029,6.265137,6.195029,6.252390,1.366996,541305
1963-12-27,6.290631,6.344806,6.290631,6.290631,1.375357,1129680
1963-12-30,6.316125,6.376673,6.316125,6.360739,1.390686,1796505
1963-12-31,6.379860,6.494583,6.379860,6.462715,1.412980,1820040
1964-01-02,6.500956,6.615679,6.500956,6.590185,1.440850,1278735
1964-01-03,6.590185,6.641173,6.500956,6.500956,1.421342,1098300
1964-01-06,6.516890,6.609305,6.516890,6.520076,1.425522,737430
1964-01-07,6.520076,6.583811,6.469089,6.475462,1.415768,619755
1964-01-08,6.475462,6.577438,6.475462,6.539197,1.429703,713895
1964-01-09,6.551944,6.743149,6.551944,6.736775,1.472899,1294425
1964-01-10,6.736775,6.806883,6.736775,6.794136,1.485442,1176750
1964-01-13,6.794136,6.908859,6.755895,6.832377,1.493803,1286580
1964-01-14,6.832377,6.908859,6.819630,6.819630,1.491016,1082610
1964-01-15,6.927980,7.151052,6.927980,7.151052,1.563477,1631760
1964-01-16,7.151052,7.227533,6.972594,7.010835,1.532820,2024010
1964-01-17,7.010835,7.138305,6.998088,7.049076,1.541181,1317960
1964-01-20,7.049076,7.189293,7.036329,7.036329,1.538394,1310115
1964-01-21,7.036329,7.100064,6.908859,6.908859,1.510524,2275050
1964-01-22,6.934353,7.023582,6.934353,6.972594,1.524458,996315
1964-01-23,6.978967,7.036329,6.978967,7.004461,1.531426,753120
1964-01-24,7.004461,7.017208,6.947100,6.959847,1.521671,596220
1964-01-27,6.959847,7.004461,6.826004,6.883365,1.504950,596220
1964-01-28,6.870618,6.870618,6.800510,6.806883,1.488229,580530
1964-01-29,6.794136,6.794136,6.679414,6.679414,1.460360,855105
1964-01-30,6.717655,6.794136,6.717655,6.743149,1.474293,502080
1964-01-31,6.768642,6.908859,6.768642,6.908859,1.510524,674670
1964-02-03,6.908859,6.966221,6.864245,6.896112,1.507738,651135
1964-02-04,6.880178,6.880178,6.832377,6.876992,1.503905,360870
1964-02-05,6.876992,6.889739,6.832377,6.832377,1.494148,462855
1964-02-06,6.832377,6.876992,6.806883,6.832377,1.494148,635445
1964-02-07,6.845124,6.870618,6.845124,6.845124,1.496934,800190
1964-02-10,6.857871,6.915233,6.857871,6.883365,1.505297,658980
1964-02-11,6.896112,6.940727,6.896112,6.908859,1.510873,588375
1964-02-12,6.908859,6.959847,6.896112,6.959847,1.522023,455010
1964-02-13,6.978967,7.061823,6.978967,7.061823,1.544324,886485
1964-02-14,7.061823,7.100064,7.049076,7.080943,1.548505,635445
1964-02-17,7.080943,7.125558,7.049076,7.049076,1.541537,729585
1964-02-18,7.049076,7.087317,7.004461,7.061823,1.544324,643290
1964-02-19,7.061823,7.093690,7.061823,7.061823,1.544324,235350
1964-02-20,7.061823,7.087317,7.036329,7.080943,1.548505,305955
1964-02-24,7.096877,7.128744,7.096877,7.096877,1.551990,470700
1964-02-25,7.119184,7.291268,7.119184,7.265774,1.588926,1074765
1964-02-26,7.278521,7.342256,7.278521,7.335883,1.604258,988470
1964-02-27,7.335883,7.348630,7.208413,7.221160,1.579169,635445
1964-02-28,7.221160,7.291268,7.176546,7.253027,1.586138,682515
1964-03-02,7.253027,7.284895,7.195666,7.195666,1.573594,423630
1964-03-03,7.195666,7.243467,7.170172,7.189293,1.572200,400095
1964-03-04,7.189293,7.208413,7.087317,7.112811,1.555474,541305
1964-03-05,7.112811,7.189293,7.100064,7.170172,1.568019,392250
1964-03-06,7.202040,7.253027,7.202040,7.240280,1.583349,580530
1964-03-09,7.240280,7.278521,7.233907,7.240280,1.583349,698205
1964-03-10,7.240280,7.265774,7.202040,7.246654,1.584746,329490
1964-03-11,7.278521,7.374124,7.278521,7.332696,1.603561,635445
1964-03-12,7.380497,7.456979,7.380497,7.456979,1.630739,698205
1964-03-13,7.495220,7.546208,7.495220,7.501593,1.640496,1380720
1964-03-16,7.488846,7.488846,7.418738,7.450605,1.629345,376560
1964-03-17,7.450605,7.456979,7.425112,7.437859,1.626559,509925
1964-03-18,7.437859,7.463352,7.355003,7.390057,1.616104,525615
1964-03-19,7.390057,7.393244,7.348630,7.358190,1.609137,517770
1964-03-20,7.358190,7.364563,7.310389,7.323136,1.601470,706050
1964-03-23,7.323136,7.405991,7.291268,7.393244,1.616802,494235
1964-03-24,7.405991,7.469726,7.405991,7.418738,1.622377,439320
1964-03-25,7.431485,7.485660,7.431485,7.476099,1.634919,494235
1964-03-26,7.476099,7.514340,7.452199,7.501593,1.640496,439320
1964-03-30,7.501593,7.555768,7.501593,7.507967,1.641890,666825
1964-03-31,7.514340,7.578075,7.514340,7.574888,1.656525,1090455
1964-04-01,7.584449,7.616316,7.584449,7.587635,1.659311,753120
1964-04-02,7.597196,7.641810,7.597196,7.622690,1.666978,596220
1964-04-03,7.622690,7.648184,7.609943,7.629063,1.668372,964935
1964-04-06,7.629063,7.657744,7.609943,7.609943,1.664192,768810
1964-04-07,7.609943,7.667304,7.495220,7.498407,1.639800,1153215
1964-04-08,7.498407,7.514340,7.444232,7.450605,1.629345,706050
1964-04-09,7.460166,7.514340,7.460166,7.460166,1.631436,360870
1964-04-10,7.479286,7.622690,7.479286,7.606756,1.663493,1380720
1964-04-13,7.606756,7.641810,7.523901,7.523901,1.645375,674670
1964-04-14,7.523901,7.558955,7.460166,7.469726,1.633528,368715
1964-04-15,7.469726,7.495220,7.444232,7.444232,1.627952,415785
1964-04-16,7.444232,7.450605,7.409178,7.421925,1.623074,494235
1964-04-17,7.431485,7.501593,7.431485,7.463352,1.632133,415785
1964-04-20,7.463352,7.495220,7.418738,7.418738,1.622377,298110
1964-04-21,7.421925,7.520714,7.421925,7.520714,1.644677,455010
1964-04-22,7.520714,7.571702,7.501593,7.571702,1.655827,439320
1964-04-23,7.571702,7.597196,7.444232,7.444232,1.627952,549150
1964-04-24,7.444232,7.482473,7.383684,7.431485,1.625164,564840
1964-04-27,7.431485,7.453792,7.399618,7.405991,1.619589,525615
1964-04-28,7.405991,7.495220,7.405991,7.437859,1.626559,502080
1964-04-29,7.437859,7.482473,7.348630,7.348630,1.607045,658980
1964-04-30,7.348630,7.367750,7.268961,7.268961,1.589622,400095
1964-05-01,7.278521,7.386871,7.278521,7.386871,1.615407,423630
1964-05-04,7.405991,7.469726,7.405991,7.444232,1.627952,384405
1964-05-05,7.444232,7.469726,7.418738,7.453792,1.630042,266730
1964-05-06,7.453792,7.504780,7.444232,7.444232,1.627952,258885
1964-05-07,7.444232,7.501593,7.434672,7.434672,1.625861,305955
1964-05-08,7.434672,7.469726,7.431485,7.450605,1.629345,298110
1964-05-11,7.450605,7.479286,7.437859,7.444232,1.627952,384405
1964-05-12,7.450605,7.482473,7.450605,7.476099,1.634919,235350
1964-05-13,7.476099,7.530274,7.476099,7.485660,1.637011,509925
1964-05-14,7.476099,7.476099,7.431485,7.450605,1.629345,313800
1964-05-15,7.450605,7.504780,7.441045,7.488846,1.637708,243195
1964-05-18,7.576482,7.576482,7.456979,7.536648,1.648162,583668
1964-05-19,7.536648,7.632250,7.536648,7.616316,1.665584,728016
1964-05-20,7.632250,7.731836,7.632250,7.731836,1.690846,1380720
1964-05-21,7.743786,7.807521,7.743786,7.791587,1.703914,1154784
1964-05-22,7.807521,7.871256,7.807521,7.823454,1.710882,979056
1964-05-25,7.823454,7.839388,7.695985,7.703952,1.685177,571116
1964-05-26,7.703952,7.727852,7.642208,7.680051,1.679949,847260
1964-05-27,7.680051,7.680051,7.584449,7.592416,1.660780,721740
1964-05-28,7.600382,7.648184,7.600382,7.648184,1.672979,464424
1964-06-01,7.648184,7.680051,7.540631,7.540631,1.649452,464424
1964-06-02,7.552581,7.616316,7.552581,7.576482,1.657295,458148
1964-06-03,7.576482,7.592416,7.488846,7.488846,1.638125,558564
1964-06-04,7.488846,7.512747,7.357393,7.357393,1.609371,640152
1964-06-05,7.357393,7.441045,7.345443,7.393244,1.617212,577392
1964-06-08,7.393244,7.441045,7.345443,7.345443,1.606757,263592
1964-06-09,7.353410,7.488846,7.353410,7.488846,1.638125,658980
1964-06-10,7.488846,7.536648,7.441045,7.441045,1.627669,395388
1964-06-11,7.441045,7.504780,7.433078,7.472913,1.634640,401664
1964-06-12,7.488846,7.536648,7.488846,7.528681,1.646838,282420
1964-06-15,7.544614,7.600382,7.544614,7.584449,1.659038,294972
1964-06-16,7.616316,7.644200,7.616316,7.636233,1.670365,326352
1964-06-17,7.644200,7.688018,7.644200,7.680051,1.679949,784500
1964-06-18,7.680051,7.692001,7.608349,7.608349,1.664266,464424
1964-06-19,7.608349,7.644200,7.592416,7.640217,1.671237,232212
1964-06-22,7.640217,7.664117,7.624283,7.660134,1.675594,288696
1964-06-23,7.660134,7.664117,7.608349,7.628266,1.668622,232212
1964-06-24,7.628266,7.672084,7.608349,7.668101,1.677336,351456
1964-06-25,7.668101,7.703952,7.660134,7.664117,1.676465,489528
1964-06-26,7.664117,7.680051,7.616316,7.616316,1.666008,288696
1964-06-29,7.616316,7.648184,7.604366,7.604366,1.663395,288696
1964-06-30,7.604366,7.632250,7.600382,7.600382,1.662523,307524
1964-07-01,7.628266,7.680051,7.628266,7.664117,1.676465,389112
1964-07-02,7.684034,7.727852,7.684034,7.711918,1.686919,552288
1964-07-06,7.711918,7.795570,7.711918,7.775653,1.700862,420492
1964-07-07,7.795570,7.839388,7.795570,7.823454,1.711318,571116
1964-07-08,7.823454,7.839388,7.787604,7.791587,1.704347,320076
1964-07-09,7.791587,7.823454,7.771670,7.771670,1.699991,282420
1964-07-10,7.771670,7.799554,7.688018,7.688018,1.681693,520908
1964-07-13,7.688018,7.692001,7.648184,7.672084,1.678207,552288
1964-07-14,7.672084,7.711918,7.496813,7.520714,1.645095,1317960
1964-07-15,7.528681,7.604366,7.528681,7.600382,1.662523,458148
1964-07-16,7.608349,7.640217,7.608349,7.632250,1.669494,376560
1964-07-17,7.632250,7.652167,7.624283,7.632250,1.669494,225936
1964-07-20,7.632250,7.632250,7.552581,7.552581,1.652067,282420
1964-07-21,7.552581,7.592416,7.512747,7.524697,1.645967,458148
1964-07-22,7.524697,7.544614,7.488846,7.512747,1.643354,313800
1964-07-23,7.512747,7.512747,7.472913,7.488846,1.638125,200832
1964-07-24,7.464946,7.464946,7.389261,7.389261,1.616341,533460
1964-07-27,7.389261,7.401211,7.345443,7.353410,1.608500,646428
1964-07-28,7.353410,7.365360,7.329509,7.337476,1.605015,495804
1964-07-29,7.345443,7.403203,7.345443,7.403203,1.619392,313800
1964-07-30,7.403203,7.409178,7.353410,7.353410,1.608500,225936
1964-07-31,7.353410,7.373327,7.345443,7.361377,1.610243,276144
1964-08-03,7.361377,7.361377,7.325526,7.325526,1.602399,213384
1964-08-04,7.265774,7.265774,7.078553,7.078553,1.548798,1186164
1964-08-05,7.078553,7.194073,7.042702,7.186106,1.572332,1261476
1964-08-06,7.186106,7.202040,7.078553,7.086520,1.550541,577392
1964-08-07,7.142288,7.186106,7.142288,7.154238,1.565358,495804
1964-08-10,7.154238,7.162205,7.142288,7.154238,1.565358,338904
1964-08-11,7.154238,7.178139,7.098470,7.098470,1.553156,627600
1964-08-12,7.098470,7.178139,7.082537,7.146272,1.563616,539736
1964-08-13,7.154238,7.210006,7.154238,7.210006,1.577561,439320
1964-08-14,7.210006,7.225940,7.122371,7.122371,1.558386,382836
1964-08-17,7.130338,7.170172,7.130338,7.130338,1.560130,301248
1964-08-18,7.130338,7.134321,7.122371,7.134321,1.561001,188280
1964-08-19,7.134321,7.134321,7.062620,7.066603,1.546182,389112
1964-08-20,7.054653,7.054653,6.867431,6.915233,1.513063,1092024
1964-08-21,6.923199,7.006851,6.923199,6.994901,1.530495,646428
1964-08-24,6.994901,7.006851,6.931166,6.933158,1.516986,320076
1964-08-25,6.933158,6.933158,6.803697,6.827597,1.493888,702912
1964-08-26,6.827597,6.867431,6.779796,6.815647,1.491273,765672
1964-08-27,6.823614,6.863448,6.823614,6.851498,1.499118,627600
1964-08-28,6.895315,6.974984,6.895315,6.974984,1.526137,445596
1964-08-31,6.974984,7.034736,6.955067,7.018802,1.535725,571116
1964-09-01,7.018802,7.050669,6.994901,7.026769,1.537468,426768
1964-09-02,7.026769,7.066603,7.006851,7.042702,1.540954,269868
1964-09-03,7.042702,7.082537,7.042702,7.078553,1.548798,533460
1964-09-04,7.078553,7.106437,7.054653,7.076562,1.548364,370284
1964-09-08,7.076562,7.102454,7.010835,7.014818,1.534853,338904
1964-09-09,7.014818,7.038719,6.931166,6.935150,1.517422,470700
1964-09-10,6.851498,6.851498,6.771829,6.789755,1.485608,1644312
1964-09-11,6.789755,6.839547,6.771829,6.775813,1.482558,840984
1964-09-14,6.775813,6.799713,6.564691,6.564691,1.436364,1079472
1964-09-15,6.584608,6.680210,6.584608,6.636393,1.452053,1004160
1964-09-16,6.652326,6.797721,6.652326,6.797721,1.487352,728016
1964-09-17,6.835564,6.939133,6.835564,6.915233,1.513063,771948
1964-09-18,6.915233,6.943117,6.739962,6.779796,1.483429,809604
1964-09-21,6.795730,6.883365,6.795730,6.795730,1.486916,351456
1964-09-22,6.795730,6.859465,6.779796,6.779796,1.483429,445596
1964-09-23,6.779796,6.851498,6.779796,6.851498,1.499118,357732
1964-09-24,6.851498,6.899299,6.851498,6.883365,1.506090,294972
1964-09-25,6.915233,7.034736,6.915233,6.990918,1.529624,884916
1964-09-28,6.990918,6.990918,6.935150,6.935150,1.517422,282420
1964-09-29,6.939133,6.978967,6.939133,6.971001,1.525265,257316
1964-09-30,6.971001,6.982951,6.947100,6.955067,1.521780,219660
1964-10-01,6.955067,6.955067,6.923199,6.927183,1.515678,175728
1964-10-02,6.911249,6.911249,6.811663,6.899299,1.509577,395388
1964-10-05,6.899299,6.907266,6.851498,6.855481,1.499991,351456
1964-10-06,6.803697,6.803697,6.759879,6.771829,1.481687,326352
1964-10-07,6.771829,6.795730,6.747929,6.779796,1.483429,351456
1964-10-08,6.779796,6.831581,6.771829,6.827597,1.493888,338904
1964-10-09,6.839547,6.875398,6.839547,6.867431,1.502605,458148
1964-10-12,6.859465,6.859465,6.819630,6.819630,1.492146,207108
1964-10-13,6.803697,6.803697,6.708094,6.708094,1.467740,439320
1964-10-14,6.708094,6.755895,6.692161,6.724028,1.471228,395388
1964-10-15,6.724028,6.779796,6.692161,6.779796,1.483429,552288
1964-10-16,6.791746,6.867431,6.791746,6.867431,1.502605,439320
1964-10-19,6.867431,6.867431,6.803697,6.819630,1.492146,307524
1964-10-20,6.779796,6.779796,6.731995,6.759879,1.479072,539736
1964-10-21,6.759879,6.783779,6.747929,6.763862,1.479943,263592
1964-10-22,6.763862,6.767846,6.739962,6.739962,1.474714,370284
1964-10-23,6.739962,6.747929,6.708094,6.714069,1.469049,225936
1964-10-26,6.714069,6.724028,6.612492,6.612492,1.446824,445596
1964-10-27,6.614484,6.668260,6.614484,6.636393,1.452053,514632
1964-10-28,6.636393,6.676227,6.628426,6.676227,1.460769,288696
1964-10-29,6.676227,6.700127,6.660293,6.700127,1.465998,269868
1964-10-30,6.700127,6.739962,6.684194,6.692161,1.464256,313800
1964-11-02,6.688177,6.688177,6.644359,6.644359,1.454228,615048
1964-11-04,6.644359,6.688177,6.644359,6.644359,1.454228,382836
1964-11-05,6.648343,6.688177,6.648343,6.672243,1.460332,288696
1964-11-06,6.672243,6.700127,6.664277,6.668260,1.459460,445596
1964-11-09,6.668260,6.700127,6.664277,6.676227,1.461204,395388
1964-11-10,6.676227,6.692161,6.668260,6.676227,1.461204,282420
1964-11-11,6.676227,6.688177,6.664277,6.676227,1.461204,332628
1964-11-12,6.676227,6.700127,6.676227,6.684194,1.462947,439320
1964-11-13,6.684194,6.791746,6.684194,6.791746,1.486486,627600
1964-11-16,6.835564,6.883365,6.835564,6.883365,1.506539,458148
1964-11-17,6.883365,6.923199,6.851498,6.867431,1.503052,338904
1964-11-18,6.835564,6.835564,6.708094,6.708094,1.468178,464424
1964-11-19,6.708094,6.716061,6.660293,6.708094,1.468178,640152
1964-11-20,6.708094,6.819630,6.708094,6.783779,1.484744,282420
1964-11-23,6.783779,6.787763,6.724028,6.739962,1.475153,301248
1964-11-24,6.724028,6.724028,6.676227,6.676227,1.461204,552288
1964-11-25,6.676227,6.712078,6.644359,6.644359,1.454228,753120
1964-11-27,6.644359,6.660293,6.588591,6.636393,1.452485,759396
1964-11-30,6.636393,6.692161,6.572658,6.572658,1.438536,527184
1964-12-01,6.556724,6.556724,6.485022,6.492989,1.421099,891192
1964-12-02,6.492989,6.516890,6.487014,6.500956,1.422843,458148
1964-12-03,6.500956,6.608509,6.500956,6.572658,1.438536,476976
1964-12-04,6.604525,6.660293,6.604525,6.644359,1.454228,307524
1964-12-07,6.644359,6.660293,6.630417,6.636393,1.452485,345180
1964-12-08,6.636393,6.638384,6.500956,6.500956,1.422843,301248
1964-12-09,6.500956,6.580625,6.485022,6.487014,1.419792,558564
1964-12-10,6.504939,6.564691,6.504939,6.516890,1.426330,345180
1964-12-11,6.544774,6.620459,6.544774,6.584608,1.441152,458148
1964-12-14,6.584608,6.592575,6.548757,6.548757,1.433304,332628
1964-12-15,6.548757,6.576641,6.500956,6.542782,1.431997,232212
1964-12-16,6.542782,6.576641,6.532823,6.548757,1.433304,232212
1964-12-17,6.548757,6.608509,6.540790,6.580625,1.440279,269868
1964-12-18,6.592575,6.620459,6.592575,6.612492,1.447254,433044
1964-12-21,6.612492,6.632409,6.612492,6.612492,1.447254,407940
1964-12-22,6.612492,6.632409,6.596558,6.596558,1.443767,382836
1964-12-23,6.596558,6.600542,6.548757,6.548757,1.433304,313800
1964-12-24,6.556724,6.588591,6.556724,6.588591,1.442023,213384
1964-12-28,6.588591,6.596558,6.548757,6.576641,1.439408,320076
1964-12-29,6.576641,6.580625,6.534815,6.540790,1.431561,577392
1964-12-30,6.540790,6.572658,6.532823,6.552741,1.434178,414216
1964-12-31,6.552741,6.588591,6.524857,6.524857,1.428074,520908
1965-01-04,6.524857,6.540790,6.453155,6.455147,1.412816,533460
1965-01-05,6.455147,6.469089,6.437221,6.439213,1.409329,520908
1965-01-06,6.469089,6.556724,6.469089,6.512906,1.425457,1016712
1965-01-07,6.540790,6.656310,6.540790,6.656310,1.456845,608772
1965-01-08,6.668260,6.771829,6.668260,6.771829,1.482127,765672
1965-01-11,6.771829,6.783779,6.708094,6.728011,1.472537,357732
1965-01-12,6.728011,6.747929,6.712078,6.743945,1.476025,470700
1965-01-13,6.743945,6.783779,6.739962,6.755895,1.478640,420492
1965-01-14,6.771829,6.823614,6.771829,6.819630,1.492590,1010436
1965-01-15,6.835564,6.931166,6.835564,6.927183,1.516130,602496
1965-01-18,6.967017,7.014818,6.967017,7.014818,1.535310,878640
1965-01-19,7.014818,7.074570,6.967017,7.074570,1.548387,941400
1965-01-20,7.074570,7.086520,7.058636,7.070586,1.547516,546012
1965-01-21,7.058636,7.058636,7.010835,7.058636,1.544900,552288
1965-01-22,7.074570,7.118388,7.074570,7.118388,1.557979,476976
1965-01-25,7.106437,7.106437,7.070586,7.098470,1.553619,307524
1965-01-26,7.098470,7.142288,7.042702,7.062620,1.545773,539736
1965-01-27,7.074570,7.146272,7.074570,7.146272,1.564080,552288
1965-01-28,7.146272,7.158222,7.122371,7.154238,1.565824,338904
1965-01-29,7.154238,7.170172,7.130338,7.146272,1.564080,401664
1965-02-01,7.130338,7.130338,7.090504,7.098470,1.553619,546012
1965-02-02,7.098470,7.122371,7.058636,7.082537,1.550654,276144
1965-02-03,7.074570,7.074570,7.046686,7.046686,1.542805,219660
1965-02-04,7.070586,7.154238,7.070586,7.150255,1.565480,326352
1965-02-05,7.122371,7.122371,7.074570,7.098470,1.554142,263592
1965-02-08,7.042702,7.042702,6.994901,7.026769,1.538444,357732
1965-02-09,7.026769,7.114404,7.010835,7.114404,1.557631,370284
1965-02-10,7.114404,7.138305,6.963034,7.002868,1.533212,357732
1965-02-11,7.002868,7.058636,6.994901,7.010835,1.534955,364008
1965-02-12,7.010835,7.034736,6.994901,7.024777,1.538007,269868
1965-02-15,7.018802,7.018802,6.887349,6.899299,1.510535,439320
1965-02-16,6.899299,6.951083,6.835564,6.851498,1.500070,370284
1965-02-17,6.851498,6.891332,6.771829,6.891332,1.508791,809604
1965-02-18,6.891332,7.066603,6.891332,7.066603,1.547164,558564
1965-02-19,7.082537,7.158222,7.082537,7.130338,1.561120,728016
1965-02-23,7.134321,7.166189,7.134321,7.138305,1.562863,251040
1965-02-24,7.146272,7.182122,7.146272,7.162205,1.568097,702912
1965-02-25,7.162205,7.241874,7.154238,7.241874,1.585539,646428
1965-02-26,7.249841,7.283700,7.249841,7.261791,1.589900,476976
1965-03-01,7.261791,7.301625,7.249841,7.253824,1.588156,364008
1965-03-02,7.253824,7.265774,7.225940,7.265774,1.590771,313800
1965-03-03,7.257808,7.257808,7.186106,7.225940,1.582050,257316
1965-03-04,7.225940,7.225940,7.146272,7.150255,1.565480,401664
1965-03-05,7.150255,7.217973,7.138305,7.202040,1.576818,338904
1965-03-08,7.225940,7.257808,7.225940,7.237890,1.584667,332628
1965-03-09,7.249841,7.333493,7.249841,7.333493,1.605598,476976
1965-03-10,7.331501,7.331501,7.281708,7.281708,1.594260,282420
1965-03-11,7.305609,7.377310,7.305609,7.321542,1.602981,451872
1965-03-12,7.333493,7.421128,7.333493,7.401211,1.620424,357732
1965-03-15,7.401211,7.480880,7.385277,7.445029,1.630017,320076
1965-03-16,7.425112,7.425112,7.361377,7.393244,1.618679,320076
1965-03-17,7.393244,7.409178,7.353410,7.377310,1.615191,169452
1965-03-18,7.385277,7.445029,7.385277,7.401211,1.620424,225936
1965-03-19,7.385277,7.385277,7.369344,7.377310,1.615191,163176
1965-03-22,7.377310,7.385277,7.331501,7.385277,1.616936,263592
1965-03-23,7.377310,7.377310,7.345443,7.349426,1.609087,288696
1965-03-24,7.349426,7.361377,7.313576,7.313576,1.601237,345180
1965-03-25,7.313576,7.313576,7.233907,7.265774,1.590771,313800
1965-03-26,7.241874,7.241874,7.154238,7.154238,1.566352,728016
1965-03-29,7.186106,7.249841,7.186106,7.245857,1.586410,282420
1965-03-30,7.245857,7.257808,7.210006,7.245857,1.586410,307524
1965-03-31,7.245857,7.265774,7.233907,7.237890,1.584667,263592
1965-04-01,7.249841,7.281708,7.249841,7.261791,1.589900,213384
1965-04-02,7.265774,7.297642,7.265774,7.289675,1.596004,395388
1965-04-05,7.289675,7.329509,7.285692,7.321542,1.602981,357732
1965-04-06,7.297642,7.297642,7.265774,7.273741,1.592516,263592
1965-04-07,7.273741,7.305609,7.265774,7.265774,1.590771,288696
1965-04-08,7.281708,7.309592,7.281708,7.297642,1.597750,225936
1965-04-09,7.353410,7.488846,7.353410,7.488846,1.639610,546012
1965-04-12,7.480880,7.480880,7.429095,7.480880,1.637867,395388
1965-04-13,7.480880,7.552581,7.456979,7.520714,1.646586,357732
1965-04-14,7.520714,7.568515,7.464946,7.528681,1.648332,571116
1965-04-15,7.528681,7.552581,7.456979,7.520714,1.646586,357732
1965-04-19,7.560548,7.632250,7.560548,7.632250,1.671008,345180
1965-04-20,7.632250,7.648184,7.584449,7.624283,1.669263,577392
1965-04-21,7.616316,7.616316,7.568515,7.592416,1.662286,244764
1965-04-22,7.624283,7.650175,7.624283,7.640217,1.672753,225936
1965-04-23,7.640217,7.660134,7.632250,7.652167,1.675369,251040
1965-04-26,7.644200,7.644200,7.600382,7.632250,1.671008,238488
1965-04-27,7.632250,7.648184,7.624283,7.632250,1.671008,182004
1965-04-28,7.632250,7.632250,7.600382,7.632250,1.671008,163176
1965-04-29,7.640217,7.672084,7.640217,7.648184,1.674496,182004
1965-04-30,7.648184,7.727852,7.648184,7.727852,1.691940,338904
1965-05-03,7.711918,7.711918,7.672084,7.703952,1.686707,150624
1965-05-04,7.703952,7.727852,7.648184,7.719885,1.690720,219660
1965-05-05,7.719885,7.791587,7.711918,7.727852,1.692464,426768
1965-05-06,7.751753,7.807521,7.751753,7.807521,1.709911,433044
1965-05-07,7.807521,7.831421,7.727852,7.727852,1.692464,395388
1965-05-10,7.727852,7.763703,7.616316,7.632250,1.671526,307524
1965-05-11,7.632250,7.684034,7.584449,7.648184,1.675016,156900
1965-05-12,7.648184,7.725860,7.648184,7.725860,1.692028,251040
1965-05-13,7.725860,7.731836,7.703952,7.711918,1.688975,307524
1965-05-14,7.684034,7.684034,7.652167,7.672084,1.680251,106692
1965-05-17,7.672084,7.688018,7.520714,7.560548,1.655824,294972
1965-05-18,7.560548,7.592416,7.536648,7.584449,1.661058,345180
1965-05-19,7.616316,7.636233,7.616316,7.616316,1.668037,207108
1965-05-20,7.616316,7.628266,7.536648,7.536648,1.650588,225936
1965-05-21,7.532664,7.532664,7.468929,7.472913,1.636630,288696
1965-05-24,7.409178,7.409178,7.329509,7.329509,1.605224,458148
1965-05-25,7.361377,7.520714,7.361377,7.504780,1.643609,370284
1965-05-26,7.496813,7.496813,7.417145,7.441045,1.629651,395388
1965-05-27,7.441045,7.456979,7.401211,7.433078,1.627906,345180
1965-05-28,7.456979,7.616316,7.456979,7.616316,1.668037,294972
1965-06-01,7.584449,7.584449,7.456979,7.464946,1.634885,257316
1965-06-02,7.464946,7.568515,7.417145,7.568515,1.657568,489528
1965-06-03,7.568515,7.608349,7.472913,7.504780,1.643609,433044
1965-06-04,7.504780,7.584449,7.504780,7.560548,1.655824,382836
1965-06-07,7.560548,7.584449,7.488846,7.552581,1.654079,338904
1965-06-08,7.552581,7.572498,7.456979,7.464946,1.634885,50208
1965-06-09,7.464946,7.488846,7.305609,7.305609,1.599990,1198716
1965-06-10,7.305609,7.369344,7.217973,7.217973,1.580797,1374444
1965-06-11,7.233907,7.345443,7.233907,7.245857,1.586903,765672
1965-06-14,7.245857,7.337476,7.138305,7.202040,1.577307,815880
1965-06-15,7.202040,7.345443,7.130338,7.301625,1.599117,1311684
1965-06-16,7.301625,7.377310,7.281708,7.281708,1.594755,834708
1965-06-17,7.281708,7.385277,7.265774,7.373327,1.614821,451872
1965-06-18,7.373327,7.403203,7.337476,7.369344,1.613948,439320
1965-06-21,7.345443,7.345443,7.281708,7.337476,1.606968,520908
1965-06-22,7.337476,7.357393,7.305609,7.305609,1.599990,294972
1965-06-23,7.305609,7.393244,7.289675,7.289675,1.596499,326352
1965-06-24,7.289675,7.329509,7.233907,7.257808,1.589521,502080
1965-06-25,7.229924,7.229924,7.118388,7.118388,1.558986,1129680
1965-06-28,7.118388,7.154238,7.030752,7.050669,1.544155,778224
1965-06-29,7.050669,7.170172,6.971001,7.170172,1.570326,1656864
1965-06-30,7.206023,7.297642,7.206023,7.297642,1.598244,822156
1965-07-01,7.297642,7.345443,7.249841,7.345443,1.608713,539736
1965-07-02,7.345443,7.409178,7.281708,7.401211,1.620926,564840
1965-07-06,7.373327,7.373327,7.313576,7.341460,1.607840,307524
1965-07-07,7.329509,7.329509,7.281708,7.297642,1.598244,307524
1965-07-08,7.297642,7.441045,7.269758,7.441045,1.629651,495804
1965-07-09,7.441045,7.486855,7.417145,7.484863,1.639247,389112
1965-07-12,7.480880,7.480880,7.441045,7.441045,1.629651,200832
1965-07-13,7.429095,7.429095,7.377310,7.425112,1.626162,263592
1965-07-14,7.425112,7.504780,7.417145,7.492830,1.640992,489528
1965-07-15,7.504780,7.524697,7.504780,7.516730,1.646227,439320
1965-07-16,7.516730,7.560548,7.504780,7.560548,1.655824,364008
1965-07-19,7.560548,7.564532,7.536648,7.560548,1.655824,357732
1965-07-20,7.552581,7.552581,7.425112,7.427103,1.626597,476976
1965-07-21,7.427103,7.460962,7.377310,7.377310,1.615692,495804
1965-07-22,7.377310,7.413161,7.345443,7.345443,1.608713,294972
1965-07-23,7.345443,7.425112,7.333493,7.425112,1.626162,263592
1965-07-26,7.425112,7.433078,7.353410,7.421128,1.625289,238488
1965-07-27,7.421128,7.449012,7.361377,7.393244,1.619182,257316
1965-07-28,7.393244,7.512747,7.353410,7.512747,1.645354,483252
1965-07-29,7.512747,7.584449,7.512747,7.576482,1.659314,571116
1965-07-30,7.576482,7.632250,7.576482,7.632250,1.671526,502080
1965-08-02,7.632250,7.636233,7.588432,7.588432,1.661930,225936
1965-08-03,7.588432,7.648184,7.556565,7.646192,1.675108,514632
1965-08-04,7.648184,7.729844,7.648184,7.723869,1.692125,778224
1965-08-05,7.723869,7.731836,7.672084,7.672084,1.680780,288696
1965-08-06,7.672084,7.703952,7.616316,7.703952,1.687762,200832
1965-08-09,7.703952,7.731836,7.684034,7.711918,1.689507,307524
1965-08-10,7.711918,7.735819,7.676068,7.688018,1.684271,263592
1965-08-11,7.695985,7.727852,7.695985,7.711918,1.689507,131796
1965-08-12,7.711918,7.807521,7.695985,7.799554,1.708704,721740
1965-08-13,7.799554,7.859305,7.775653,7.847355,1.719178,502080
1965-08-16,7.847355,7.885198,7.841380,7.843372,1.718305,426768
1965-08-17,7.831421,7.831421,7.783620,7.819471,1.713069,251040
1965-08-18,7.827438,7.871256,7.827438,7.851338,1.720050,508356
1965-08-19,7.851338,7.871256,7.807521,7.807521,1.710450,709188
1965-08-20,7.807521,7.871256,7.767686,7.839388,1.717432,520908
1965-08-23,7.839388,7.903123,7.823454,7.887189,1.727904,546012
1965-08-24,7.907106,8.016651,7.907106,7.994742,1.751467,1242648
1965-08-25,7.994742,8.028601,7.950924,7.950924,1.741868,483252
1965-08-26,7.950924,8.010676,7.950924,7.954908,1.742739,357732
1965-08-27,7.974825,7.998725,7.974825,7.974825,1.747104,326352
1965-08-30,7.974825,7.982792,7.934990,7.970841,1.746231,238488
1965-08-31,7.970841,7.986775,7.950924,7.950924,1.741868,263592
1965-09-01,7.950924,7.966858,7.942957,7.966858,1.745358,144348
1965-09-02,7.970841,7.998725,7.970841,7.994742,1.751467,307524
1965-09-03,8.022626,8.044535,8.022626,8.030593,1.759321,364008
1965-09-07,8.030593,8.042543,8.002709,8.018642,1.756703,238488
1965-09-08,8.018642,8.026609,7.934990,7.998725,1.752340,395388
1965-09-09,7.998725,8.038560,7.994742,8.034576,1.760194,307524
1965-09-10,8.034576,8.062460,8.014659,8.026609,1.758448,351456
1965-09-13,8.062460,8.142129,8.062460,8.142129,1.783755,615048
1965-09-14,8.142129,8.201880,8.118228,8.118228,1.778518,520908
1965-09-15,8.118228,8.173996,8.102294,8.114245,1.777647,320076
1965-09-16,8.150096,8.179971,8.150096,8.158062,1.787247,439320
1965-09-17,8.158062,8.201880,8.094328,8.201880,1.796846,508356
1965-09-20,8.170013,8.170013,8.094328,8.158062,1.787247,326352
1965-09-21,8.158062,8.203872,8.158062,8.197897,1.795974,219660
1965-09-22,8.197897,8.237731,8.181963,8.229764,1.802955,445596
1965-09-23,8.229764,8.241714,8.213830,8.213830,1.799464,407940
1965-09-24,8.162046,8.162046,8.110261,8.158062,1.787247,445596
1965-09-27,8.181963,8.221797,8.181963,8.213830,1.799464,338904
1965-09-28,8.213830,8.237731,8.166029,8.173996,1.790737,282420
1965-09-29,8.173996,8.229764,8.118228,8.150096,1.785501,382836
1965-09-30,8.150096,8.166029,8.126195,8.166029,1.788992,257316
1965-10-01,8.138145,8.138145,8.018642,8.078394,1.769794,552288
1965-10-04,8.078394,8.118228,8.062460,8.114245,1.777647,307524
1965-10-05,8.126195,8.173996,8.126195,8.150096,1.785501,389112
1965-10-06,8.150096,8.181963,8.142129,8.181963,1.792483,225936
1965-10-07,8.181963,8.191922,8.142129,8.142129,1.783755,238488
1965-10-08,8.189930,8.221797,8.189930,8.205864,1.797720,376560
1965-10-11,8.229764,8.285532,8.229764,8.269598,1.811682,458148
1965-10-12,8.269598,8.273582,8.166029,8.201880,1.796846,414216
1965-10-13,8.201880,8.245698,8.173996,8.221797,1.801209,276144
1965-10-14,8.221797,8.237731,8.205864,8.205864,1.797720,225936
1965-10-15,8.209847,8.253665,8.209847,8.249681,1.807319,232212
1965-10-18,8.249681,8.313416,8.237731,8.293499,1.816919,577392
1965-10-19,8.301466,8.333333,8.301466,8.313416,1.821282,320076
1965-10-20,8.313416,8.405035,8.297482,8.405035,1.841351,476976
1965-10-21,8.405035,8.436902,8.389101,8.405035,1.841351,395388
1965-10-22,8.413002,8.484704,8.413002,8.428936,1.846589,558564
1965-10-25,8.420969,8.420969,8.389101,8.405035,1.841351,282420
1965-10-26,8.405035,8.428936,8.333333,8.349267,1.829136,370284
1965-10-27,8.373168,8.468770,8.373168,8.452836,1.851825,301248
1965-10-28,8.452836,8.484704,8.436902,8.468770,1.855317,276144
1965-10-29,8.468770,8.492670,8.444869,8.492670,1.860551,150624
1965-11-01,8.492670,8.492670,8.448853,8.492670,1.861075,276144
1965-11-03,8.500637,8.522546,8.500637,8.522546,1.867622,175728
1965-11-04,8.524538,8.572339,8.524538,8.564372,1.876789,389112
1965-11-05,8.564372,8.580306,8.540472,8.548438,1.873295,332628
1965-11-08,8.548438,8.580306,8.516571,8.580306,1.880279,238488
1965-11-09,8.556405,8.556405,8.484704,8.484704,1.859329,313800
1965-11-10,8.484704,8.516571,8.468770,8.496654,1.861947,182004
1965-11-11,8.496654,8.516571,8.484704,8.516571,1.866313,69036
1965-11-12,8.516571,8.580306,8.508604,8.572339,1.878534,288696
1965-11-15,8.580306,8.620140,8.580306,8.580306,1.880279,263592
1965-11-16,8.580306,8.648024,8.580306,8.648024,1.895119,213384
1965-11-17,8.667941,8.747610,8.667941,8.699809,1.906466,338904
1965-11-18,8.683875,8.683875,8.644041,8.644041,1.894245,244764
1965-11-19,8.644041,8.683875,8.620140,8.644041,1.894245,188280
1965-11-22,8.644041,8.827279,8.612173,8.612173,1.887262,125520
1965-11-23,8.612173,8.616157,8.532505,8.532505,1.869805,182004
1965-11-24,8.532505,8.580306,8.508604,8.532505,1.869805,106692
1965-11-26,8.532505,8.552422,8.528521,8.532505,1.869805,219660
1965-11-29,8.516571,8.516571,8.413002,8.413002,1.843616,269868
1965-11-30,8.413002,8.420969,8.317400,8.365201,1.833142,370284
1965-12-01,8.365201,8.409018,8.221797,8.221797,1.801716,445596
1965-12-02,8.138145,8.138145,7.990758,7.990758,1.751087,1167336
1965-12-03,7.990758,8.070427,7.875239,8.070427,1.768544,1995768
1965-12-06,8.070427,8.102294,7.934990,7.998725,1.752833,1041816
1965-12-07,8.026609,8.142129,8.026609,8.102294,1.775529,407940
1965-12-08,8.134162,8.205864,8.134162,8.150096,1.786004,395388
1965-12-09,8.173996,8.221797,8.173996,8.217814,1.800845,332628
1965-12-10,8.245698,8.261632,8.245698,8.253665,1.808701,282420
1965-12-13,8.253665,8.269598,8.197897,8.229764,1.803462,439320
1965-12-14,8.229764,8.233748,8.062460,8.070427,1.768544,533460
1965-12-15,7.982792,7.982792,7.887189,7.887189,1.728391,1995768
1965-12-16,7.931007,7.998725,7.931007,7.950924,1.742358,715464
1965-12-17,7.950924,7.962874,7.923040,7.942957,1.740612,602496
1965-12-20,7.942957,7.994742,7.934990,7.994742,1.751960,351456
1965-12-21,7.994742,8.090344,7.990758,8.074410,1.769418,445596
1965-12-22,8.074410,8.181963,8.034576,8.058477,1.765927,552288
1965-12-23,8.022626,8.022626,7.950924,7.950924,1.742358,301248
1965-12-27,7.966858,8.038560,7.966858,7.966858,1.745849,364008
1965-12-28,7.966858,8.002709,7.919057,8.002709,1.753705,382836
1965-12-29,7.992750,7.992750,7.934990,7.934990,1.738865,320076
1965-12-30,7.934990,7.966858,7.934990,7.966858,1.745849,257316
1965-12-31,7.966858,7.966858,7.927024,7.950924,1.742358,207108
1966-01-03,7.927024,7.927024,7.843372,7.863289,1.723153,276144
1966-01-04,7.863289,7.919057,7.839388,7.839388,1.717916,420492
1966-01-05,7.855322,7.934990,7.855322,7.891173,1.729262,451872
1966-01-06,7.895156,7.950924,7.895156,7.934990,1.738865,320076
1966-01-07,7.934990,7.966858,7.895156,7.931007,1.737993,401664
1966-01-10,7.931007,7.946941,7.907106,7.907106,1.732755,269868
1966-01-11,7.927024,7.950924,7.927024,7.931007,1.737993,338904
1966-01-12,7.923040,7.923040,7.879222,7.895156,1.730137,458148
1966-01-13,7.923040,7.950924,7.923040,7.942957,1.740612,345180
1966-01-14,7.942957,7.966858,7.903123,7.903123,1.731883,571116
1966-01-17,7.903123,7.927024,7.827438,7.847355,1.719661,476976
1966-01-18,7.811504,7.811504,7.664117,7.703952,1.688236,615048
1966-01-19,7.695985,7.695985,7.520714,7.624283,1.670777,1456032
1966-01-20,7.624283,7.743786,7.600382,7.703952,1.688236,721740
1966-01-21,7.727852,7.847355,7.727852,7.823454,1.714423,822156
1966-01-24,7.839388,7.887189,7.839388,7.871256,1.724899,552288
1966-01-25,7.871256,8.181963,7.859305,8.102294,1.775529,1751004
1966-01-26,8.102294,8.142129,8.050510,8.062460,1.766801,1242648
1966-01-27,8.062460,8.094328,7.934990,8.006692,1.754578,790776
1966-01-28,8.000717,8.000717,7.871256,7.919057,1.735374,451872
1966-01-31,7.919057,7.934990,7.879222,7.903123,1.731883,520908
1966-02-01,7.903123,7.919057,7.839388,7.839388,1.717916,476976
1966-02-02,7.839388,7.847355,7.775653,7.807521,1.710932,508356
1966-02-03,7.855322,7.907106,7.855322,7.907106,1.732755,589944
1966-02-04,7.907106,7.934990,7.903123,7.927024,1.737121,564840
1966-02-07,7.927024,8.014659,7.927024,8.002709,1.753705,439320
1966-02-08,8.002709,8.102294,7.998725,8.096319,1.774748,690360
1966-02-09,8.142129,8.181963,8.142129,8.162046,1.789156,621324
1966-02-10,8.162046,8.253665,8.158062,8.237731,1.805748,539736
1966-02-11,8.253665,8.361217,8.253665,8.361217,1.832815,464424
1966-02-14,8.357234,8.357234,8.277565,8.277565,1.814479,244764
1966-02-15,8.277565,8.277565,8.142129,8.177980,1.792651,376560
1966-02-16,8.177980,8.277565,8.158062,8.257648,1.810113,357732
1966-02-17,8.257648,8.257648,8.189930,8.191922,1.795706,244764
1966-02-18,8.191922,8.197897,8.126195,8.166029,1.790030,307524
1966-02-21,8.166029,8.189930,8.078394,8.126195,1.781299,364008
1966-02-23,8.120220,8.120220,8.050510,8.078394,1.770821,451872
1966-02-24,8.078394,8.094328,8.038560,8.070427,1.769072,364008
1966-02-25,8.070427,8.173996,8.034576,8.158062,1.788284,370284
1966-02-28,8.158062,8.205864,8.130178,8.205864,1.798763,426768
1966-03-01,8.205864,8.229764,7.998725,8.046526,1.763834,407940
1966-03-02,8.038560,8.038560,7.938974,7.958891,1.744624,608772
1966-03-03,7.958891,8.046526,7.958891,8.018642,1.757722,602496
1966-03-04,8.018642,8.070427,8.018642,8.038560,1.762089,257316
1966-03-07,8.022626,8.022626,7.927024,7.927024,1.737640,420492
1966-03-08,7.927024,7.982792,7.879222,7.919057,1.735893,671532
1966-03-09,7.919057,8.070427,7.919057,8.070427,1.769072,539736
1966-03-10,8.070427,8.150096,8.022626,8.022626,1.758595,621324
1966-03-11,8.022626,8.038560,7.934990,7.966858,1.746370,558564
1966-03-14,7.966858,7.982792,7.950924,7.962874,1.745498,345180
1966-03-15,7.954908,7.954908,7.911090,7.942957,1.741132,370284
1966-03-16,7.942957,8.062460,7.938974,8.006692,1.755102,458148
1966-03-17,8.006692,8.022626,7.927024,7.966858,1.746370,320076
1966-03-18,7.966858,8.006692,7.934990,7.950924,1.742879,238488
1966-03-21,7.998725,8.110261,7.998725,8.110261,1.777805,364008
1966-03-22,8.126195,8.189930,8.126195,8.158062,1.788284,307524
1966-03-23,8.158062,8.166029,8.118228,8.158062,1.788284,225936
1966-03-24,8.166029,8.269598,8.166029,8.237731,1.805748,345180
1966-03-25,8.265615,8.365201,8.265615,8.365201,1.833690,495804
1966-03-28,8.365201,8.365201,8.285532,8.297482,1.818847,514632
1966-03-29,8.297482,8.341300,8.205864,8.269598,1.812733,257316
1966-03-30,8.197897,8.197897,8.126195,8.142129,1.784790,376560
1966-03-31,8.142129,8.237731,8.134162,8.221797,1.802254,276144
1966-04-01,8.221797,8.317400,8.189930,8.301466,1.819718,364008
1966-04-04,8.325366,8.389101,8.325366,8.349267,1.830197,326352
1966-04-05,8.349267,8.460803,8.333333,8.428936,1.847660,351456
1966-04-06,8.428936,8.460803,8.428936,8.460803,1.854646,313800
1966-04-07,8.516571,8.604207,8.516571,8.604207,1.886080,401664
1966-04-11,8.652008,8.765535,8.652008,8.765535,1.921444,508356
1966-04-12,8.765535,8.855163,8.588273,8.588273,1.882589,508356
1966-04-13,8.588273,8.667941,8.492670,8.644041,1.894811,364008
1966-04-14,8.683875,8.926864,8.683875,8.926864,1.956808,878640
1966-04-15,8.926864,8.954748,8.779477,8.811345,1.931486,451872
1966-04-18,8.783461,8.783461,8.683875,8.715743,1.910530,370284
1966-04-19,8.715743,8.811345,8.683875,8.683875,1.903544,326352
1966-04-20,8.707776,8.771511,8.707776,8.731676,1.914023,288696
1966-04-21,8.827279,8.875080,8.827279,8.843212,1.938472,307524
1966-04-22,8.843212,8.891013,8.787444,8.843212,1.938472,313800
1966-04-25,8.843212,8.883047,8.620140,8.620140,1.889573,301248
1966-04-26,8.707776,8.859146,8.707776,8.843212,1.938472,426768
1966-04-27,8.843212,8.954748,8.779477,8.938815,1.959427,345180
1966-04-28,8.918897,8.918897,8.795411,8.843212,1.938472,282420
1966-04-29,8.867113,8.914914,8.867113,8.883047,1.947204,244764
1966-05-02,8.883047,8.938815,8.883047,8.922881,1.955935,263592
1966-05-03,8.914914,8.914914,8.827279,8.879063,1.946329,225936
1966-05-04,8.843212,8.843212,8.723709,8.739643,1.915769,251040
1966-05-05,8.731676,8.731676,8.572339,8.572339,1.879095,301248
1966-05-06,8.508604,8.508604,8.285532,8.452836,1.852899,640152
1966-05-09,8.436902,8.436902,8.269598,8.289516,1.817099,514632
1966-05-10,8.289516,8.405035,8.285532,8.357234,1.831943,558564
1966-05-11,8.420969,8.516571,8.420969,8.464786,1.855519,533460
1966-05-12,8.460803,8.460803,8.349267,8.349267,1.830197,439320
1966-05-13,8.349267,8.349267,8.221797,8.269598,1.812733,640152
1966-05-16,8.269598,8.317400,8.253665,8.285532,1.816226,426768
1966-05-17,8.285532,8.309433,8.229764,8.229764,1.804001,445596
1966-05-18,8.460803,8.460803,8.341300,8.436902,1.849408,523000
1966-05-19,8.604207,8.723709,8.604207,8.654995,1.897213,928848
1966-05-20,8.628107,8.628107,8.532505,8.622132,1.890010,577392
1966-05-23,8.771511,8.891013,8.771511,8.795411,1.927993,903744
1966-05-24,8.849187,8.938815,8.849187,8.914914,1.954774,832616
1966-05-25,8.914914,8.914914,8.795411,8.867113,1.944292,681992
1966-05-26,8.867113,8.879063,8.831262,8.879063,1.946912,464424
1966-05-27,8.879063,8.885038,8.771511,8.867113,1.944292,539736
1966-05-31,8.843212,8.843212,8.598231,8.669933,1.901057,301248
1966-06-01,8.520554,8.520554,8.317400,8.484704,1.860440,861904
1966-06-02,8.484704,8.723709,8.293499,8.293499,1.818517,577392
1966-06-03,8.293499,8.293499,8.114245,8.209847,1.800173,719648
1966-06-06,8.173996,8.173996,8.042543,8.054493,1.766107,443504
1966-06-07,8.030593,8.030593,7.946941,7.982792,1.750387,598312
1966-06-08,7.982792,8.150096,7.970841,8.102294,1.776590,790776
1966-06-09,8.126195,8.341300,8.126195,8.341300,1.828997,870272
1966-06-10,8.341300,8.496654,8.341300,8.341300,1.828997,794960
1966-06-13,8.341300,8.389101,8.221797,8.245698,1.808034,598312
1966-06-14,8.245698,8.269598,8.138145,8.269598,1.813274,665256
1966-06-15,8.269598,8.341300,8.185946,8.185946,1.794933,564840
1966-06-16,8.185946,8.281549,8.185946,8.272586,1.813930,702912
1966-06-17,8.317400,8.532505,8.317400,8.532505,1.870922,987424
1966-06-20,8.568356,8.669933,8.568356,8.663958,1.899746,1046000
1966-06-21,8.675908,8.759560,8.675908,8.675908,1.902367,769856
1966-06-22,8.675908,8.717734,8.604207,8.652008,1.897125,523000
1966-06-23,8.652008,8.669933,8.508604,8.508604,1.865683,690360
1966-06-24,8.508604,8.556405,8.413002,8.484704,1.860440,435136
1966-06-27,8.484704,8.592256,8.371176,8.371176,1.835548,401664
1966-06-28,8.371176,8.436902,8.305449,8.401052,1.842098,418400
1966-06-29,8.395076,8.395076,8.317400,8.320387,1.824412,397480
1966-06-30,8.320387,8.439890,8.275574,8.377151,1.836858,535552
1966-07-01,8.418977,8.520554,8.418977,8.472753,1.857819,619232
1966-07-05,8.460803,8.460803,8.413002,8.460803,1.855200,188280
1966-07-06,8.460803,8.556405,8.413002,8.553418,1.875508,476976
1966-07-07,8.580306,8.640057,8.580306,8.628107,1.891884,585760
1966-07-08,8.622132,8.622132,8.532505,8.538480,1.872233,606680
1966-07-11,8.532505,8.532505,8.460803,8.508604,1.865683,251040
1966-07-12,8.508604,8.592256,8.484704,8.520554,1.868301,213384
1966-07-13,8.514579,8.514579,8.389101,8.389101,1.839478,338904
1966-07-14,8.395076,8.502629,8.395076,8.469766,1.857164,364008
1966-07-15,8.502629,8.604207,8.502629,8.556405,1.876164,200832
1966-07-18,8.556405,8.640057,8.556405,8.556405,1.876164,188280
1966-07-19,8.508604,8.508604,8.413002,8.424952,1.847338,217568
1966-07-20,8.413002,8.413002,8.353250,8.353250,1.831617,221752
1966-07-21,8.371176,8.484704,8.371176,8.481716,1.859786,242672
1966-07-22,8.481716,8.484704,8.413002,8.472753,1.857819,125520
1966-07-25,8.472753,8.484704,8.293499,8.305449,1.821135,225936
1966-07-26,8.305449,8.365201,8.221797,8.293499,1.818517,510448
1966-07-27,8.323375,8.401052,8.323375,8.323375,1.825068,255224
1966-07-28,8.323375,8.341300,8.221797,8.221797,1.802793,217568
1966-07-29,8.221797,8.245698,8.144120,8.144120,1.785761,259408
1966-08-01,8.144120,8.144120,7.937978,7.937978,1.740560,439320
1966-08-02,7.937978,7.976816,7.878227,7.946941,1.742525,589944
1966-08-03,7.946941,8.114245,7.940966,8.078394,1.771349,560656
1966-08-04,8.138145,8.233748,8.138145,8.221797,1.802793,410032
1966-08-05,8.221797,8.239723,8.191922,8.194909,1.796897,196648
1966-08-08,8.194909,8.197897,8.066444,8.197897,1.797553,305432
1966-08-09,8.185946,8.185946,8.102294,8.132170,1.783713,192464
1966-08-10,8.132170,8.132170,8.054493,8.078394,1.771917,192464
1966-08-11,8.078394,8.132170,8.078394,8.132170,1.783713,292880
1966-08-12,8.138145,8.383126,8.138145,8.353250,1.832205,451872
1966-08-15,8.353250,8.365201,8.317400,8.317400,1.824342,368192
1966-08-16,8.305449,8.305449,8.185946,8.209847,1.800750,284512
1966-08-17,8.209847,8.221797,8.090344,8.173996,1.792886,334720
1966-08-18,8.173996,8.197897,8.006692,8.018642,1.758811,364008
1966-08-19,8.018642,8.054493,7.946941,8.018642,1.758811,489528
1966-08-22,7.988767,7.988767,7.743786,7.863289,1.724736,627600
1966-08-23,7.863289,7.887189,7.749761,7.869264,1.726045,556472
1966-08-24,7.869264,7.887189,7.839388,7.839388,1.719494,485344
1966-08-25,7.839388,7.899140,7.749761,7.749761,1.699835,447688
1966-08-26,7.648184,7.648184,7.531668,7.531668,1.651999,711280
1966-08-29,7.445029,7.445029,7.337476,7.337476,1.609403,1096208
1966-08-30,7.337476,7.624283,7.319551,7.618308,1.671002,736384
1966-08-31,7.642208,7.791587,7.642208,7.660134,1.680177,782408
1966-09-01,7.660134,7.743786,7.648184,7.660134,1.680177,527184
1966-09-02,7.660134,7.660134,7.516730,7.648184,1.677555,640152
1966-09-06,7.648184,7.672084,7.576482,7.582457,1.663139,301248
1966-09-07,7.570507,7.570507,7.445029,7.528681,1.651344,560656
1966-09-08,7.516730,7.516730,7.325526,7.391252,1.621199,945584
1966-09-09,7.421128,7.612333,7.421128,7.528681,1.651344,502080
1966-09-12,7.528681,7.684034,7.528681,7.660134,1.680177,1297040
1966-09-13,7.660134,7.719885,7.528681,7.624283,1.672312,514632
1966-09-14,7.630258,7.767686,7.630258,7.731836,1.695904,456056
1966-09-15,7.743786,8.006692,7.743786,8.006692,1.756191,464424
1966-09-16,8.006692,8.090344,7.863289,7.875239,1.727359,539736
1966-09-19,7.875239,7.994742,7.815488,7.863289,1.724736,393296
1966-09-20,7.863289,7.887189,7.695985,7.695985,1.688040,338904
1966-09-21,7.672084,7.672084,7.534656,7.534656,1.652654,326352
1966-09-22,7.534656,7.636233,7.436066,7.627271,1.672970,736384
1966-09-23,7.627271,7.684034,7.582457,7.624283,1.672312,242672
1966-09-26,7.624283,7.803537,7.612333,7.803537,1.711629,200832
1966-09-27,7.803537,7.875239,7.791587,7.827438,1.716873,251040
1966-09-28,7.827438,7.839388,7.624283,7.624283,1.672312,259408
1966-09-29,7.612333,7.612333,7.480880,7.534656,1.652654,376560
1966-09-30,7.534656,7.612333,7.397228,7.588432,1.664448,631784
1966-10-03,7.588432,7.612333,7.421128,7.430091,1.629719,326352
1966-10-04,7.430091,7.540631,7.325526,7.397228,1.622511,907928
1966-10-05,7.409178,7.522706,7.409178,7.409178,1.625131,426768
1966-10-06,7.409178,7.456979,7.289675,7.295650,1.600231,748936
1966-10-07,7.226936,7.226936,6.978967,6.993905,1.534044,1426744
1966-10-10,6.993905,7.409178,6.919216,7.391252,1.621199,1322144
1966-10-11,7.391252,7.516730,7.289675,7.289675,1.598920,782408
1966-10-12,7.289675,7.540631,7.217973,7.480880,1.640859,598312
1966-10-13,7.480880,7.600382,7.445029,7.576482,1.661828,807512
1966-10-14,7.576482,7.600382,7.522706,7.552581,1.656586,347272
1966-10-17,7.552581,7.648184,7.534656,7.564532,1.659208,518816
1966-10-18,7.624283,7.767686,7.624283,7.767686,1.703767,523000
1966-10-19,7.767686,7.791587,7.576482,7.588432,1.664448,234304
1966-10-20,7.600382,7.761711,7.600382,7.612333,1.669691,439320
1966-10-21,7.612333,7.695985,7.600382,7.695985,1.688040,309616
1966-10-24,7.695985,7.755736,7.648184,7.695985,1.688040,309616
1966-10-25,7.743786,7.911090,7.743786,7.875239,1.727359,460240
1966-10-26,7.761711,7.911090,7.743786,7.875239,1.727359,460240
1966-10-27,7.875239,7.967854,7.851338,7.958891,1.745705,330536
1966-10-28,7.958891,8.003705,7.917065,8.003705,1.755535,364008
1966-10-31,8.000717,8.000717,7.791587,7.934990,1.740463,426768
1966-11-01,7.991754,8.126195,7.991754,8.126195,1.782403,489528
1966-11-02,8.162046,8.317400,8.162046,8.233748,1.805993,753120
1966-11-03,8.233748,8.293499,8.126195,8.221797,1.803947,832616
1966-11-04,8.221797,8.293499,8.138145,8.281549,1.817057,426768
1966-11-07,8.281549,8.413002,8.269598,8.341300,1.830168,807512
1966-11-09,8.341300,8.413002,8.341300,8.353250,1.832790,401664
1966-11-10,8.353250,8.472753,8.341300,8.424952,1.848521,510448
1966-11-11,8.418977,8.418977,8.377151,8.413002,1.845900,196648
1966-11-14,8.377151,8.377151,8.293499,8.353250,1.832790,309616
1966-11-15,8.353250,8.424952,8.329350,8.424952,1.848521,397480
1966-11-16,8.466778,8.604207,8.466778,8.568356,1.879986,602496
1966-11-17,8.568356,8.604207,8.472753,8.532505,1.872121,510448
1966-11-18,8.532505,8.532505,8.484704,8.484704,1.861633,338904
1966-11-21,8.448853,8.448853,8.245698,8.317400,1.824925,497896
1966-11-22,8.317400,8.317400,8.245698,8.317400,1.824925,389112
1966-11-23,8.359226,8.532505,8.359226,8.508604,1.866876,451872
1966-11-25,8.508604,8.759560,8.508604,8.753585,1.920626,644336
1966-11-28,8.759560,8.891013,8.759560,8.855163,1.942916,895376
1966-11-29,8.855163,8.962715,8.843212,8.914914,1.956025,485344
1966-11-30,8.914914,9.010516,8.885038,8.986616,1.971758,598312
1966-12-01,8.986616,9.016491,8.843212,8.846200,1.940948,786592
1966-12-02,8.846200,8.867113,8.735660,8.771511,1.924560,435136
1966-12-05,8.771511,8.896989,8.729685,8.896989,1.952092,322168
1966-12-06,8.932839,8.986616,8.932839,8.980641,1.970446,439320
1966-12-07,8.980641,9.141969,8.980641,9.118069,2.000599,569024
1966-12-08,9.118069,9.177820,9.082218,9.153920,2.008464,359824
1966-12-09,9.153920,9.165870,8.974665,8.998566,1.974378,322168
1966-12-12,8.998566,9.130019,8.962715,9.106119,1.997978,460240
1966-12-13,9.118069,9.225621,9.118069,9.135994,2.004534,447688
1966-12-14,9.135994,9.165870,9.058317,9.118069,2.000599,263592
1966-12-15,9.082218,9.082218,8.867113,8.914914,1.956025,338904
1966-12-16,8.896989,8.896989,8.807361,8.873088,1.946847,276144
1966-12-19,8.873088,8.885038,8.831262,8.843212,1.940293,263592
1966-12-20,8.843212,8.914914,8.747610,8.914914,1.956025,259408
1966-12-21,8.914914,8.986616,8.879063,8.891013,1.950781,343088
1966-12-22,8.891013,8.926864,8.831262,8.831262,1.937671,330536
1966-12-23,8.831262,8.834250,8.771511,8.783461,1.927183,242672
1966-12-27,8.771511,8.771511,8.675908,8.741635,1.918005,150624
1966-12-28,8.741635,8.867113,8.723709,8.771511,1.924560,280328
1966-12-29,8.771511,8.831262,8.723709,8.819312,1.935049,175728
1966-12-30,8.828274,8.914914,8.828274,8.879063,1.948158,230120
1967-01-03,8.879063,8.962715,8.819312,8.819312,1.935049,238488
1967-01-04,8.819312,8.831262,8.663958,8.723709,1.914073,531368
1967-01-05,8.723709,8.807361,8.723709,8.807361,1.932427,326352
1967-01-06,8.843212,9.046367,8.843212,9.034417,1.982245,527184
1967-01-09,9.058317,9.225621,9.058317,9.225621,2.024197,418400
1967-01-10,9.249522,9.380975,9.249522,9.297323,2.039929,790776
1967-01-11,9.297323,9.428776,9.177820,9.416826,2.066151,958136
1967-01-12,9.416826,9.476577,9.321224,9.369025,2.055662,723832
1967-01-13,9.369025,9.488528,9.285373,9.476577,2.079259,456056
1967-01-16,9.416826,9.416826,9.118069,9.189771,2.016331,623416
1967-01-17,9.189771,9.369025,9.177820,9.273423,2.034686,581576
1967-01-18,9.297323,9.369025,9.297323,9.345124,2.050417,640152
1967-01-19,9.345124,9.416826,9.285373,9.315249,2.043864,334720
1967-01-20,9.315249,9.321224,9.237572,9.321224,2.045174,313800
1967-01-23,9.351099,9.548279,9.351099,9.500478,2.084502,502080
1967-01-24,9.500478,9.560229,9.464627,9.548279,2.094991,602496
1967-01-25,9.548279,9.566205,9.464627,9.464627,2.076638,686176
1967-01-26,9.464627,9.554254,9.392925,9.488528,2.081882,414216
1967-01-27,9.488528,9.608031,9.452677,9.596080,2.105479,313800
1967-01-30,9.596080,9.667782,9.584130,9.667782,2.121212,523000
1967-01-31,9.667782,9.703633,9.512428,9.548279,2.094991,623416
1967-02-01,9.416826,9.416826,9.333174,9.392925,2.060905,435136
1967-02-02,9.440727,9.536329,9.440727,9.476577,2.079259,405848
1967-02-03,9.488528,9.560229,9.488528,9.536329,2.092369,305432
1967-02-06,9.536329,9.566205,9.512428,9.512428,2.087702,255224
1967-02-07,9.512428,9.560229,9.500478,9.512428,2.087702,92048
1967-02-08,9.560229,9.882887,9.560229,9.787285,2.148024,401664
1967-02-09,9.882887,9.966539,9.882887,9.894837,2.171630,334720
1967-02-10,9.894837,9.966539,9.894837,9.894837,2.171630,230120
1967-02-13,9.894837,10.035253,9.870937,10.035253,2.202445,230120
1967-02-14,10.035253,10.235421,10.014340,10.217495,2.242441,564840
1967-02-15,10.229446,10.402725,10.229446,10.348948,2.271293,343088
1967-02-16,10.348948,10.372849,10.157744,10.187620,2.235886,476976
1967-02-17,10.181644,10.181644,10.109943,10.148781,2.227363,297064
1967-02-20,10.121893,10.121893,9.978489,10.121893,2.221460,410032
1967-02-21,10.121893,10.181644,10.121893,10.133843,2.224084,355640
1967-02-23,10.133843,10.151769,10.038241,10.097992,2.216216,820064
1967-02-24,10.097992,10.253346,10.086042,10.157744,2.229328,267776
1967-02-27,10.121893,10.121893,9.942639,9.942639,2.182120,443504
1967-02-28,9.978489,10.277247,9.978489,10.277247,2.255556,401664
1967-03-01,10.336998,10.516252,10.336998,10.516252,2.308011,615048
1967-03-02,10.516252,10.635755,10.444551,10.546128,2.314567,414216
1967-03-03,10.540153,10.540153,10.348948,10.516252,2.308011,489528
1967-03-06,10.516252,10.755258,10.504302,10.516252,2.308011,443504
1967-03-07,10.516252,10.528203,10.432600,10.492352,2.302766,317984
1967-03-08,10.492352,10.510277,10.420650,10.438576,2.290962,230120
1967-03-09,10.438576,10.480402,10.325048,10.432600,2.289652,297064
1967-03-10,10.522228,10.623805,10.522228,10.522228,2.309324,326352
1967-03-13,10.522228,10.576004,10.498327,10.540153,2.313256,234304
1967-03-14,10.504302,10.504302,10.396750,10.396750,2.281783,238488
1967-03-15,10.396750,10.576004,10.396750,10.564054,2.318502,451872
1967-03-16,10.635755,10.758246,10.635755,10.755258,2.360466,368192
1967-03-17,10.755258,10.761233,10.671606,10.761233,2.361777,284512
1967-03-20,10.761233,10.773184,10.576004,10.611855,2.328992,242672
1967-03-21,10.623805,10.719407,10.623805,10.629780,2.332928,205016
1967-03-22,10.629780,10.629780,10.552103,10.623805,2.331617,326352
1967-03-23,10.719407,10.898662,10.719407,10.886711,2.389317,485344
1967-03-27,10.904637,11.018164,10.904637,11.018164,2.418168,288696
1967-03-28,11.018164,11.018164,10.946463,10.946463,2.402432,297064
1967-03-29,10.946463,10.970363,10.922562,10.922562,2.397183,242672
1967-03-30,10.922562,10.994264,10.922562,10.928537,2.398495,230120
1967-03-31,10.928537,10.988289,10.779159,10.779159,2.365713,347272
1967-04-03,10.695507,10.695507,10.516252,10.516252,2.308011,322168
1967-04-04,10.516252,10.623805,10.444551,10.540153,2.313256,351456
1967-04-05,10.546128,10.683556,10.546128,10.623805,2.331617,330536
1967-04-06,10.755258,10.910612,10.755258,10.838910,2.378825,338904
1967-04-07,10.838910,10.874761,10.671606,10.674594,2.342763,317984
1967-04-10,10.635755,10.635755,10.510277,10.534178,2.311943,401664
1967-04-11,10.564054,10.755258,10.564054,10.755258,2.360466,343088
1967-04-12,10.755258,10.826960,10.671606,10.671606,2.342106,263592
1967-04-13,10.803059,10.910612,10.803059,10.898662,2.391938,502080
1967-04-14,10.898662,10.970363,10.862811,10.958413,2.405053,543920
1967-04-17,10.958413,10.988289,10.946463,10.952438,2.403741,397480
1967-04-18,10.958413,11.006214,10.958413,11.000239,2.414232,518816
1967-04-19,11.089866,11.161568,11.089866,11.161568,2.449640,707096
1967-04-20,11.161568,11.209369,11.077916,11.203394,2.458819,397480
1967-04-21,11.203394,11.251195,11.185468,11.185468,2.454885,485344
1967-04-24,11.185468,11.412524,11.137667,11.310946,2.482424,732200
1967-04-25,11.310946,11.520076,11.304971,11.502151,2.524387,535552
1967-04-26,11.502151,11.555927,11.460325,11.460325,2.515206,410032
1967-04-27,11.460325,11.872610,11.448375,11.866635,2.604382,326352
1967-04-28,11.866635,11.926386,11.812859,11.866635,2.604382,380744
1967-05-01,11.591778,11.591778,11.400574,11.526052,2.530194,330536
1967-05-02,11.526052,11.567878,11.472275,11.538002,2.532817,422584
1967-05-03,11.538002,11.538002,11.484226,11.532027,2.531505,313800
1967-05-04,11.532027,11.538002,11.484226,11.520076,2.528883,292880
1967-05-05,11.502151,11.502151,11.448375,11.484226,2.521011,284512
1967-05-08,11.484226,11.514101,11.352772,11.358748,2.493466,401664
1967-05-09,11.358748,11.376673,10.994264,11.018164,2.418702,1066920
1967-05-10,11.018164,11.137667,10.946463,11.137667,2.444935,732200
1967-05-11,11.167543,11.316922,11.167543,11.167543,2.451494,481160
1967-05-12,11.173518,11.293021,11.173518,11.173518,2.452807,414216
1967-05-15,11.173518,11.185468,11.089866,11.089866,2.434441,297064
1967-05-16,11.095841,11.388623,11.095841,11.328872,2.486908,359824
1967-05-17,11.328872,11.400574,11.316922,11.352772,2.492154,288696
1967-05-18,11.352772,11.376673,11.269120,11.376673,2.497402,221752
1967-05-19,11.376673,11.376673,11.185468,11.281071,2.476415,301248
1967-05-22,11.281071,11.316922,11.185468,11.281071,2.476415,309616
1967-05-23,11.281071,11.328872,11.113767,11.113767,2.439689,468608
1967-05-24,11.328872,11.328872,11.113767,11.113767,2.439689,468608
1967-05-25,11.197419,11.328872,11.197419,11.304971,2.481662,301248
1967-05-26,11.304971,11.376673,11.185468,11.233270,2.465921,280328
1967-05-29,11.233270,11.233270,11.185468,11.233270,2.465921,196648
1967-05-31,11.173518,11.173518,11.077916,11.143642,2.446248,271960
1967-06-01,11.143642,11.400574,11.119742,11.376673,2.497402,451872
1967-06-02,11.376673,11.424474,11.209369,11.209369,2.460676,414216
1967-06-05,11.209369,11.209369,11.077916,11.125717,2.442313,610864
1967-06-06,11.245220,11.424474,11.245220,11.412524,2.505271,456056
1967-06-07,11.424474,11.555927,11.424474,11.478250,2.519700,447688
1967-06-08,11.478250,11.543977,11.472275,11.543977,2.534128,276144
1967-06-09,11.543977,11.615679,11.543977,11.615679,2.549870,368192
1967-06-12,11.639579,11.699331,11.639579,11.651530,2.557738,347272
1967-06-13,11.663480,11.747132,11.663480,11.747132,2.578725,443504
1967-06-14,11.747132,11.986138,11.645554,11.932361,2.619387,1020896
1967-06-15,11.932361,11.986138,11.878585,11.926386,2.618074,644336
1967-06-16,11.926386,11.950287,11.914436,11.938337,2.620699,619232
1967-06-19,11.938337,11.950287,11.878585,11.902486,2.612828,389112
1967-06-20,11.902486,11.956262,11.902486,11.902486,2.612828,523000
1967-06-21,11.902486,11.932361,11.818834,11.866635,2.604958,330536
1967-06-22,11.866635,11.914436,11.842734,11.878585,2.607582,372376
1967-06-23,11.920411,11.998088,11.920411,11.998088,2.633814,389112
1967-06-26,12.141491,12.213193,12.141491,12.189293,2.675790,506264
1967-06-27,12.189293,12.213193,12.033939,12.033939,2.641685,410032
1967-06-28,12.033939,12.033939,11.902486,11.926386,2.618074,313800
1967-06-29,11.926386,11.938337,11.806883,11.938337,2.620699,376560
1967-06-30,11.938337,11.950287,11.830784,11.890535,2.610204,351456
1967-07-03,11.890535,11.950287,11.878585,11.926386,2.618074,334720
1967-07-05,11.950287,11.998088,11.950287,11.992113,2.632504,472792
1967-07-06,11.986138,11.986138,11.956262,11.980163,2.629879,456056
1967-07-07,11.980163,12.021989,11.956262,11.986138,2.631193,506264
1967-07-10,11.998088,12.117591,11.998088,12.033939,2.641685,451872
1967-07-11,12.033939,12.111616,12.033939,12.093690,2.654802,322168
1967-07-12,12.093690,12.111616,12.021989,12.021989,2.639062,271960
1967-07-13,12.021989,12.069790,12.010038,12.045889,2.644309,284512
1967-07-14,12.045889,12.066802,11.998088,12.016013,2.637751,309616
1967-07-17,12.016013,12.039914,12.010038,12.039914,2.642996,213384
1967-07-18,12.039914,12.087715,11.986138,12.010038,2.636439,280328
1967-07-19,12.010038,12.021989,11.830784,11.854685,2.602334,426768
1967-07-20,11.860660,11.938337,11.860660,11.902486,2.612828,271960
1967-07-21,11.902486,11.926386,11.854685,11.914436,2.615451,313800
1967-07-24,11.914436,11.914436,11.806883,11.842734,2.599710,263592
1967-07-25,11.842734,11.890535,11.717256,11.735182,2.576104,209200
1967-07-26,11.735182,11.950287,11.663480,11.932361,2.619387,330536
1967-07-27,11.932361,12.069790,11.926386,12.069790,2.649555,276144
1967-07-28,12.093690,12.129541,12.093690,12.105641,2.657424,255224
1967-07-31,12.117591,12.177342,12.117591,12.135516,2.663983,284512
1967-08-01,12.135516,12.296845,12.093690,12.296845,2.699399,380744
1967-08-02,12.284895,12.284895,12.141491,12.177342,2.673163,364008
1967-08-03,12.165392,12.165392,12.117591,12.141491,2.665294,251040
1967-08-04,12.141491,12.177342,12.093690,12.177342,2.673163,389112
1967-08-07,12.177342,12.177342,12.117591,12.171367,2.672428,138072
1967-08-08,12.171367,12.219168,12.141491,12.207218,2.680301,234304
1967-08-09,12.207218,12.237094,12.069790,12.069790,2.650127,188280
1967-08-10,12.069790,12.081740,11.842734,11.842734,2.600271,238488
1967-08-11,11.842734,11.854685,11.759082,11.759082,2.581905,284512
1967-08-14,11.759082,11.794933,11.675430,11.699331,2.568787,368192
1967-08-15,11.699331,11.711281,11.675430,11.711281,2.571411,255224
1967-08-16,11.711281,11.818834,11.711281,11.818834,2.595027,322168
1967-08-17,11.818834,11.866635,11.759082,11.759082,2.581905,305432
1967-08-18,11.771033,11.890535,11.771033,11.890535,2.610768,146440
1967-08-21,11.890535,11.914436,11.842734,11.902486,2.613392,242672
1967-08-22,11.902486,11.926386,11.794933,11.806883,2.592400,288696
1967-08-23,11.806883,11.854685,11.782983,11.854685,2.602897,184096
1967-08-24,11.854685,11.890535,11.747132,11.747132,2.579282,163176
1967-08-25,11.711281,11.711281,11.603728,11.609704,2.549107,288696
1967-08-28,11.609704,11.639579,11.597753,11.603728,2.547796,200832
1967-08-29,11.615679,11.747132,11.615679,11.735182,2.576660,259408
1967-08-30,11.747132,11.830784,11.747132,11.782983,2.587152,71128
1967-08-31,11.788958,11.944312,11.788958,11.944312,2.622576,330536
1967-09-01,11.944312,11.986138,11.914436,11.950287,2.623888,200832
1967-09-05,11.950287,11.998088,11.950287,11.998088,2.634382,330536
1967-09-06,11.998088,12.081740,11.962237,12.057839,2.647503,364008
1967-09-07,12.057839,12.072777,11.950287,12.016013,2.638321,343088
1967-09-08,12.016013,12.057839,11.926386,12.045889,2.644880,158992
1967-09-11,12.075765,12.260994,12.075765,12.260994,2.692109,330536
1967-09-12,12.260994,12.356597,12.213193,12.356597,2.713099,364008
1967-09-13,12.356597,12.476099,12.356597,12.356597,2.713099,497896
1967-09-14,12.356597,12.356597,12.213193,12.213193,2.681614,635968
1967-09-15,12.213193,12.296845,12.189293,12.213193,2.681614,100416
1967-09-18,12.260994,12.296845,12.260994,12.272945,2.694733,167360
1967-09-19,12.296845,12.404398,12.296845,12.368547,2.715724,234304
1967-09-20,12.368547,12.368547,12.249044,12.284895,2.697357,292880
1967-09-21,12.284895,12.930210,12.284895,12.918260,2.836424,719648
1967-09-22,12.918260,12.972036,12.798757,12.966061,2.846918,585760
1967-09-25,13.145315,13.324570,13.145315,13.217017,2.902021,577392
1967-09-26,13.217017,13.252868,12.989962,13.037763,2.862661,217568
1967-09-27,13.037763,13.181166,12.954111,13.091539,2.874469,552288
1967-09-28,13.121415,13.252868,13.121415,13.151291,2.887591,288696
1967-09-29,13.145315,13.145315,12.983987,13.103489,2.877093,422584
1967-10-02,13.097514,13.097514,12.966061,12.972036,2.848233,242672
1967-10-03,12.972036,13.151291,12.930210,13.121415,2.881030,330536
1967-10-04,13.121415,13.288719,13.121415,13.121415,2.881030,405848
1967-10-05,13.384321,13.623327,13.384321,13.575526,2.980737,297064
1967-10-06,13.384321,13.623327,13.384321,13.575526,2.980737,297064
1967-10-09,13.587476,13.659178,13.587476,13.659178,2.999102,200832
1967-10-10,13.659178,13.742830,13.527725,13.623327,2.991231,267776
1967-10-11,13.623327,13.910134,13.503824,13.862333,3.043710,464424
1967-10-12,13.862333,13.981836,13.814532,13.862333,3.043710,267776
1967-10-13,13.862333,14.005736,13.790631,14.005736,3.075196,242672
1967-10-16,14.005736,14.089388,13.934034,13.934034,3.059452,238488
1967-10-17,13.934034,13.957935,13.718929,13.766730,3.022717,468608
1967-10-18,13.790631,13.981836,13.790631,13.981836,3.069948,263592
1967-10-19,14.065488,14.256692,14.065488,14.137189,3.104062,276144
1967-10-20,14.161090,14.292543,14.161090,14.274618,3.134236,322168
1967-10-23,14.274618,14.280593,14.077438,14.113289,3.098813,485344
1967-10-24,14.113289,14.268642,14.083413,14.101338,3.096190,305432
1967-10-25,14.101338,14.149140,13.981836,14.077438,3.090941,389112
1967-10-26,14.077438,14.202916,14.053537,14.202916,3.118492,292880
1967-10-27,14.202916,14.337357,14.196941,14.280593,3.135545,251040
1967-10-30,14.280593,14.352294,14.256692,14.256692,3.130298,397480
1967-10-31,14.256692,14.292543,14.149140,14.184990,3.114554,267776
1967-11-01,14.077438,14.077438,13.910134,13.963910,3.066012,430952
1967-11-02,13.963910,13.993786,13.766730,13.922084,3.056829,564840
1967-11-03,13.922084,13.945985,13.838432,13.862333,3.049469,284512
1967-11-06,13.862333,13.886233,13.563576,13.886233,3.054725,497896
1967-11-08,13.886233,14.029637,13.766730,13.778681,3.031068,656888
1967-11-09,13.778681,13.874283,13.742830,13.850382,3.046840,430952
1967-11-10,13.934034,14.035612,13.934034,14.029637,3.086272,238488
1967-11-13,14.029637,14.137189,14.005736,14.101338,3.102048,317984
1967-11-14,14.101338,14.125239,13.934034,14.029637,3.086272,531368
1967-11-15,14.029637,14.220841,13.910134,14.220841,3.128334,681992
1967-11-16,14.220841,14.627151,14.220841,14.579350,3.207200,757304
1967-11-17,14.603250,14.830306,14.603250,14.722753,3.238743,569024
1967-11-20,14.597275,14.597275,14.340344,14.340344,3.154622,912112
1967-11-21,14.447897,14.794455,14.447897,14.770554,3.249260,635968
1967-11-22,14.770554,14.782505,14.591300,14.639101,3.220343,481160
1967-11-24,14.639101,14.698853,14.507648,14.674952,3.228231,506264
1967-11-27,14.674952,14.770554,14.639101,14.746654,3.244002,439320
1967-11-28,14.746654,14.770554,14.674952,14.674952,3.228231,330536
1967-11-29,14.674952,14.734704,14.627151,14.674952,3.228231,380744
1967-11-30,14.674952,14.716778,14.591300,14.627151,3.217714,271960
1967-12-01,14.627151,14.722753,14.579350,14.722753,3.238743,305432
1967-12-04,14.818356,15.057361,14.818356,15.057361,3.312353,569024
1967-12-05,15.057361,15.141013,14.913958,15.033461,3.307097,506264
1967-12-06,15.033461,15.129063,15.033461,15.123088,3.326812,297064
1967-12-07,15.224665,15.368069,15.224665,15.296367,3.364931,443504
1967-12-08,15.320268,15.487572,15.320268,15.403920,3.388590,397480
1967-12-11,15.403920,15.463671,15.344168,15.427820,3.393848,326352
1967-12-12,15.427820,15.463671,15.296367,15.320268,3.370188,192464
1967-12-13,15.320268,15.403920,15.296367,15.380019,3.383331,205016
1967-12-14,15.391969,15.487572,15.391969,15.487572,3.406992,292880
1967-12-15,15.439771,15.439771,15.200765,15.230641,3.350475,297064
1967-12-18,15.117113,15.117113,14.746654,14.770554,3.249260,418400
1967-12-19,14.770554,14.890057,14.674952,14.758604,3.246633,619232
1967-12-20,14.806405,14.961759,14.806405,14.937859,3.286064,439320
1967-12-21,14.937859,14.937859,14.818356,14.872132,3.271608,276144
1967-12-22,14.866157,14.866157,14.663002,14.663002,3.225601,255224
1967-12-26,14.663002,14.794455,14.663002,14.734704,3.241374,158992
1967-12-27,14.746654,14.973709,14.746654,14.937859,3.286064,209200
1967-12-28,14.937859,14.979685,14.818356,14.925908,3.283437,309616
1967-12-29,14.925908,15.003585,14.913958,14.985660,3.296582,288696
1968-01-02,14.985660,14.991635,14.663002,14.663002,3.225601,225936
1968-01-03,14.663002,14.722753,14.352294,14.483748,3.186168,640152
1968-01-04,14.382170,14.382170,14.071463,14.071463,3.095472,757304
1968-01-05,14.113289,14.328394,14.113289,14.173040,3.117819,828432
1968-01-08,14.196941,14.292543,14.196941,14.280593,3.141478,426768
1968-01-09,14.286568,14.412046,14.286568,14.304493,3.146736,585760
1968-01-10,14.322419,14.447897,14.322419,14.435946,3.175657,376560
1968-01-11,14.477772,14.674952,14.477772,14.555449,3.201941,414216
1968-01-12,14.627151,14.830306,14.627151,14.722753,3.238743,543920
1968-01-15,14.770554,14.961759,14.770554,14.890057,3.275549,506264
1968-01-16,14.890057,14.931883,14.722753,14.722753,3.238743,251040
1968-01-17,14.722753,14.734704,14.555449,14.722753,3.238743,510448
1968-01-18,14.794455,14.913958,14.794455,14.854207,3.267664,401664
1968-01-19,14.854207,14.913958,14.746654,14.842256,3.265035,305432
1968-01-22,14.794455,14.794455,14.483748,14.507648,3.191424,359824
1968-01-23,14.507648,14.961759,14.459847,14.890057,3.275549,631784
1968-01-24,14.890057,14.902008,14.674952,14.674952,3.228231,694544
1968-01-25,14.674952,14.782505,14.423996,14.746654,3.244002,757304
1968-01-26,14.770554,14.836281,14.770554,14.782505,3.251889,376560
1968-01-29,14.782505,14.818356,14.674952,14.686902,3.230860,334720
1968-01-30,14.639101,14.639101,14.483748,14.567400,3.204572,439320
1968-01-31,14.483748,14.483748,14.137189,14.208891,3.125705,493712
1968-02-01,14.208891,14.334369,14.196941,14.328394,3.151995,820064
1968-02-02,14.328394,14.388145,14.179015,14.244742,3.133593,589944
1968-02-05,14.208891,14.208891,14.077438,14.161090,3.121998,422584
1968-02-06,14.137189,14.137189,14.017686,14.029637,3.093018,476976
1968-02-07,14.065488,14.161090,14.065488,14.161090,3.121998,447688
1968-02-08,14.137189,14.137189,13.838432,13.838432,3.050864,757304
1968-02-09,13.754780,13.754780,13.587476,13.647228,3.008712,1267752
1968-02-13,13.647228,13.790631,13.623327,13.647228,3.008712,665256
1968-02-14,13.671128,14.005736,13.671128,13.981836,3.082480,1075288
1968-02-15,14.005736,14.161090,14.005736,14.005736,3.087750,694544
1968-02-16,13.838432,13.838432,13.683078,13.790631,3.040328,669440
1968-02-19,13.790631,14.053537,13.790631,13.984823,3.083139,322168
1968-02-20,14.005736,14.220841,14.005736,14.220841,3.135172,372376
1968-02-21,14.244742,14.340344,14.244742,14.316444,3.156250,569024
1968-02-23,14.274618,14.274618,14.041587,14.095363,3.107510,447688
1968-02-26,14.095363,14.113289,14.011711,14.041587,3.095653,301248
1968-02-27,14.041587,14.196941,13.993786,14.196941,3.129902,255224
1968-02-28,14.196941,14.256692,14.029637,14.101338,3.108826,548104
1968-02-29,14.005736,14.005736,13.814532,13.862333,3.056135,405848
1968-03-01,13.862333,13.862333,13.778681,13.790631,3.040328,376560
1968-03-04,13.712954,13.712954,13.384321,13.432122,2.961288,1075288
1968-03-05,13.432122,13.659178,13.408222,13.617352,3.002126,912112
1968-03-06,13.617352,14.101338,13.527725,14.041587,3.095653,1196624
1968-03-07,14.041587,14.101338,13.886233,13.981836,3.082480,497896
1968-03-08,13.910134,13.910134,13.766730,13.850382,3.053502,347272
1968-03-11,13.874283,14.190966,13.874283,14.173040,3.124635,619232
1968-03-12,14.173040,14.268642,14.005736,14.232792,3.137810,615048
1968-03-13,14.208891,14.208891,14.089388,14.113289,3.111460,276144
1968-03-14,14.008724,14.008724,13.695029,13.695029,3.019250,673624
1968-03-15,13.706979,14.173040,13.706979,14.080425,3.104215,924664
1968-03-18,14.119264,14.316444,14.119264,14.119264,3.112777,694544
1968-03-19,14.119264,14.149140,13.898184,13.898184,3.064039,443504
1968-03-20,13.957935,14.077438,13.957935,14.023662,3.091701,322168
1968-03-21,14.023662,14.065488,13.862333,13.862333,3.056135,364008
1968-03-22,13.862333,14.220841,13.844407,13.993786,3.085115,820064
1968-03-25,13.993786,14.077438,13.957935,14.041587,3.095653,221752
1968-03-26,14.101338,14.244742,14.101338,14.196941,3.129902,305432
1968-03-27,14.220841,14.334369,14.220841,14.292543,3.150981,397480
1968-03-28,14.292543,14.447897,14.292543,14.352294,3.164154,548104
1968-03-29,14.394120,14.651052,14.394120,14.639101,3.227382,832616
1968-04-01,14.949809,15.105163,14.949809,15.081262,3.324863,920480
1968-04-02,15.081262,15.236616,14.937859,15.176864,3.345941,1125496
1968-04-03,15.176864,15.487572,15.141013,15.272467,3.367019,1368168
1968-04-04,15.260516,15.260516,15.015535,15.236616,3.359115,907928
1968-04-05,15.236616,15.260516,15.009560,15.057361,3.319593,702912
1968-04-08,15.093212,15.368069,15.093212,15.344168,3.382826,585760
1968-04-10,15.344168,15.487572,15.320268,15.320268,3.377558,803328
1968-04-11,15.320268,15.523423,15.272467,15.511472,3.419709,723832
1968-04-15,15.511472,15.532385,15.427820,15.493547,3.415756,313800
1968-04-16,15.463671,15.463671,15.344168,15.415870,3.398635,338904
1968-04-17,15.403920,15.403920,15.344168,15.368069,3.388094,188280
1968-04-18,15.368069,15.391969,15.284417,15.296367,3.372286,284512
1968-04-19,15.296367,15.314293,15.212715,15.212715,3.353846,276144
1968-04-22,15.212715,15.272467,15.129063,15.200765,3.351208,330536
1968-04-23,15.654876,15.654876,15.296367,15.654876,3.451324,602496
1968-04-24,15.654876,15.846080,15.583174,15.607075,3.440786,615048
1968-04-25,15.607075,15.762428,15.583174,15.678776,3.456595,422584
1968-04-26,15.678776,15.822180,15.654876,15.750478,3.472404,255224
1968-04-29,15.750478,15.989484,15.750478,15.977533,3.522456,376560
1968-04-30,16.013384,16.192638,16.013384,16.192638,3.569880,485344
1968-05-01,16.228489,16.407743,16.228489,16.395794,3.614671,556472
1968-05-02,16.563099,16.766253,16.563099,16.634798,3.667362,644336
1968-05-03,16.634798,16.706501,16.419695,16.443596,3.631992,602496
1968-05-06,16.443596,16.503345,16.252390,16.395794,3.621436,615048
1968-05-07,16.395794,16.503345,16.377869,16.437620,3.630672,410032
1968-05-08,16.437620,16.437620,16.371893,16.419695,3.626713,305432
1968-05-09,16.419695,16.443596,16.276291,16.312141,3.602956,305432
1968-05-10,16.312141,16.395794,16.168737,16.198614,3.577883,393296
1968-05-13,16.180689,16.180689,15.989484,16.013384,3.536968,410032
1968-05-14,16.013384,16.097036,15.917782,16.037285,3.542249,213384
1968-05-15,16.025335,16.025335,15.917782,15.989484,3.531690,405848
1968-05-16,15.989484,16.013384,15.834130,15.834130,3.497374,309616
1968-05-17,15.690727,15.690727,15.415870,15.535373,3.431390,799144
1968-05-20,15.535373,15.619025,15.475621,15.529398,3.430068,405848
1968-05-21,15.529398,15.774379,15.493547,15.774379,3.484181,485344
1968-05-22,15.774379,15.989484,15.726577,15.726577,3.473621,681992
1968-05-23,15.690727,15.690727,15.559273,15.607075,3.447225,523000
1968-05-24,15.750478,15.750478,15.583174,15.750478,3.478901,476976
1968-05-27,15.774379,15.953633,15.774379,15.893881,3.510573,920480
1968-05-28,15.893881,16.037285,15.858031,16.037285,3.542249,956044
1968-05-29,16.108988,16.527246,16.108988,16.527246,3.650470,895376
1968-05-31,16.682600,17.065010,16.682600,17.065010,3.769248,972780
1968-06-03,17.638622,17.925430,17.638622,17.925430,3.959293,1146416
1968-06-04,17.925430,17.925430,17.590822,17.674475,3.903865,1031356
1968-06-05,17.674475,17.710325,17.351816,17.447418,3.853713,629692
1968-06-06,17.495220,17.662523,17.495220,17.590822,3.885385,673624
1968-06-07,17.590822,17.710325,17.543020,17.686424,3.906504,499988
1968-06-10,17.686424,17.770077,17.423517,17.722275,3.914423,491620
1968-06-11,17.722275,17.770077,17.638622,17.686424,3.906504,407940
1968-06-13,17.686424,17.770077,17.148663,17.208412,3.800922,709188
1968-06-14,17.160612,17.160612,16.826004,17.005259,3.756050,951860
1968-06-17,17.112810,17.112810,16.491396,16.563099,3.658388,619232
1968-06-18,16.563099,16.730402,16.503345,16.575048,3.661028,715464
1968-06-20,16.802103,17.136711,16.802103,17.136711,3.785083,899560
1968-06-21,17.136711,17.196463,17.005259,17.124762,3.782444,562748
1968-06-24,17.112810,17.112810,16.634798,16.646749,3.676864,389112
1968-06-25,16.682600,17.065010,16.682600,16.945507,3.742851,541828
1968-06-27,17.029160,17.232313,17.029160,17.232313,3.806202,562748
1968-06-28,17.196463,17.196463,16.802103,16.909657,3.734934,311708
1968-07-01,16.909657,17.017208,16.646749,16.802103,3.711177,376560
1968-07-02,16.802103,16.826004,16.634798,16.826004,3.716456,564840
1968-07-03,16.826004,17.112810,16.778202,17.112810,3.779806,569024
1968-07-08,17.256214,17.447418,17.256214,17.447418,3.853713,707096
1968-07-09,17.435469,17.435469,17.280115,17.351816,3.832597,307524
1968-07-11,17.327915,17.327915,16.921606,17.112810,3.779806,705004
1968-07-12,17.112810,17.148663,16.826004,16.957457,3.745492,449780
1968-07-15,16.969406,17.232313,16.969406,17.065010,3.769248,391204
1968-07-16,17.041109,17.041109,16.826004,16.969406,3.748131,414216
1968-07-18,16.969406,17.112810,16.849903,17.112810,3.779806,445596
1968-07-19,16.873804,16.873804,16.491396,16.491396,3.642552,914204
1968-07-22,16.491396,16.575048,16.156788,16.347992,3.610875,732200
1968-07-23,16.347992,16.443596,16.204590,16.431644,3.629353,560656
1968-07-25,16.431644,16.539198,15.965583,16.037285,3.542249,644336
1968-07-26,16.037285,16.108988,15.869981,15.869981,3.505297,665256
1968-07-29,15.869981,15.869981,15.583174,15.846080,3.500014,905836
1968-07-30,15.846080,16.276291,15.846080,16.192638,3.576561,472792
1968-08-01,16.192638,16.443596,16.061186,16.150812,3.567322,784500
1968-08-02,16.085087,16.085087,15.774379,16.061186,3.554368,594128
1968-08-05,16.061186,16.085087,15.965583,16.037285,3.549076,458148
1968-08-06,16.037285,16.156788,16.025335,16.156788,3.575524,439320
1968-08-08,16.156788,16.300192,16.013384,16.061186,3.554368,652704
1968-08-09,16.037285,16.037285,15.846080,16.013384,3.543786,407940
1968-08-12,16.025335,16.228489,16.025335,16.192638,3.583455,520908
1968-08-13,16.192638,16.419695,16.192638,16.407743,3.631060,468608
1968-08-15,16.407743,16.479446,16.156788,16.204590,3.586099,508356
1968-08-16,16.204590,16.324093,16.085087,16.276291,3.601969,366100
1968-08-19,16.300192,16.491396,16.300192,16.491396,3.649571,305432
1968-08-20,16.479446,16.479446,16.300192,16.467495,3.644283,255224
1968-08-22,16.467495,16.563099,16.204590,16.419695,3.633703,338904
1968-08-23,16.419695,16.425669,16.037285,16.168737,3.578166,284512
1968-08-26,16.180689,16.276291,16.180689,16.252390,3.596680,334720
1968-08-27,16.252390,16.276291,16.037285,16.156788,3.575524,255224
1968-08-29,16.156788,16.180689,15.869981,16.156788,3.575524,410032
1968-08-30,16.132887,16.132887,15.941683,16.013384,3.543786,330536
1968-09-03,16.013384,16.085087,15.869981,16.085087,3.559656,225936
1968-09-04,16.108988,16.204590,16.108988,16.204590,3.586099,309616
1968-09-05,16.204590,16.324093,16.156788,16.240440,3.594037,259408
1968-09-06,16.240440,16.324093,16.156788,16.276291,3.601969,357732
1968-09-09,16.276291,16.300192,16.168737,16.180689,3.580812,228028
1968-09-10,16.156788,16.156788,16.013384,16.108988,3.564943,305432
1968-09-12,16.108988,16.156788,16.001434,16.108988,3.564943,491620
1968-09-13,16.120937,16.228489,16.120937,16.132887,3.570233,284512
1968-09-16,16.132887,16.132887,16.025335,16.061186,3.554368,330536
1968-09-17,16.061186,16.097036,16.025335,16.097036,3.562298,370284
1968-09-19,16.097036,16.132887,16.001434,16.049234,3.551720,374468
1968-09-20,15.965583,15.965583,15.786329,15.822180,3.501475,525092
1968-09-23,15.822180,16.108988,15.774379,16.108988,3.564943,642244
1968-09-24,16.108988,16.108988,15.977533,16.108988,3.564943,523000
1968-09-26,16.108988,16.108988,16.025335,16.049234,3.551720,516724
1968-09-27,16.037285,16.037285,15.846080,15.881931,3.514697,458148
1968-09-30,15.881931,16.013384,15.869981,16.013384,3.543786,294972
1968-10-01,15.798279,15.798279,15.547323,15.630975,3.459158,728016
1968-10-03,15.619025,15.619025,15.403920,15.511472,3.432711,930940
1968-10-04,15.535373,15.893881,15.535373,15.822180,3.501475,646428
1968-10-07,15.822180,15.881931,15.678776,15.786329,3.493537,397480
1968-10-08,15.786329,15.822180,15.678776,15.810229,3.498827,468608
1968-10-10,15.810229,15.917782,15.702677,15.750478,3.485606,715464
1968-10-11,15.666826,15.666826,15.391969,15.535373,3.438004,1615024
1968-10-14,15.535373,15.571224,15.248566,15.284417,3.382465,876548
1968-10-15,15.224665,15.224665,14.973709,15.057361,3.332217,1077380
1968-10-17,15.081262,15.248566,15.081262,15.248566,3.374530,1548080
1968-10-18,15.356119,15.630975,15.356119,15.630975,3.459158,979056
1968-10-21,15.630975,15.750478,15.583174,15.630975,3.459158,594128
1968-10-22,15.630975,15.630975,15.439771,15.487572,3.427423,523000
1968-10-24,15.463671,15.463671,15.152964,15.200765,3.363954,753120
1968-10-25,15.176864,15.176864,15.081262,15.141013,3.350728,811696
1968-10-28,15.141013,15.141013,14.722753,14.985660,3.316350,1884892
1968-10-29,14.985660,15.033461,14.770554,14.794455,3.274037,958136
1968-10-31,14.698853,14.698853,14.555449,14.674952,3.247589,2945536
1968-11-01,14.722753,14.806405,14.722753,14.770554,3.268748,1096208
1968-11-04,14.770554,15.152964,14.698853,15.057361,3.332217,1027172
1968-11-06,15.057361,15.152964,14.782505,14.818356,3.279324,1386996
1968-11-07,14.818356,15.152964,14.818356,15.141013,3.350728,621324
1968-11-08,15.105163,15.105163,14.937859,15.081262,3.337504,587852
1968-11-12,15.152964,15.296367,15.152964,15.296367,3.385108,757304
1968-11-13,15.296367,15.487572,15.284417,15.487572,3.427423,569024
1968-11-14,15.487572,15.630975,15.451721,15.535373,3.438004,514632
1968-11-15,15.559273,15.642925,15.559273,15.630975,3.459158,451872
1968-11-18,15.630975,15.666826,15.368069,15.415870,3.411557,470700
1968-11-19,15.415870,15.535373,15.224665,15.535373,3.438004,510448
1968-11-21,15.535373,15.607075,15.439771,15.583174,3.448581,525092
1968-11-22,15.583174,15.672801,15.415870,15.666826,3.467094,598312
1968-11-25,15.666826,15.678776,15.595124,15.630975,3.459158,487436
1968-11-26,15.678776,15.822180,15.678776,15.762428,3.488253,863996
1968-11-27,15.786329,15.989484,15.786329,15.989484,3.538498,453964
1968-11-29,15.989484,16.001434,15.917782,15.953633,3.530566,466516
1968-12-02,15.953633,16.001434,15.702677,15.726577,3.480316,485344
1968-12-03,15.726577,15.786329,15.678776,15.774379,3.490896,516724
1968-12-05,15.774379,15.810229,15.654876,15.702677,3.475024,581576
1968-12-06,15.690727,15.690727,15.535373,15.583174,3.448581,359824
1968-12-09,15.583174,15.702677,15.451721,15.630975,3.459158,282420
1968-12-10,15.630975,15.726577,15.583174,15.678776,3.469738,271960
1968-12-12,15.654876,15.654876,15.200765,15.344168,3.395688,502080
1968-12-13,15.284417,15.284417,15.129063,15.129063,3.348085,479068
1968-12-16,15.129063,15.200765,15.069312,15.093212,3.340149,338904
1968-12-17,15.129063,15.284417,15.129063,15.272467,3.379822,487436
1968-12-19,15.284417,15.583174,15.284417,15.583174,3.448581,652704
1968-12-20,15.583174,15.750478,15.308317,15.391969,3.406265,389112
1968-12-23,15.385994,15.385994,15.129063,15.188815,3.361307,401664
1968-12-24,15.260516,15.391969,15.260516,15.344168,3.395688,330536
1968-12-26,15.344168,15.487572,15.248566,15.284417,3.382465,169452
1968-12-27,15.284417,15.368069,15.057361,15.248566,3.374530,460240
1968-12-30,15.200765,15.200765,14.818356,14.985660,3.316350,1615024
1968-12-31,15.009560,15.152964,15.009560,15.057361,3.332217,589944
1969-01-02,15.057361,15.069312,14.961759,14.997610,3.318995,267776
1969-01-03,14.913958,14.913958,14.782505,14.913958,3.300482,738476
1969-01-06,14.698853,14.698853,14.352294,14.459847,3.199985,1288672
1969-01-07,14.459847,14.507648,14.352294,14.507648,3.210563,757304
1969-01-08,14.543499,14.663002,14.543499,14.627151,3.237011,734292
1969-01-09,14.698853,14.866157,14.698853,14.818356,3.279324,694544
1969-01-10,14.818356,14.818356,14.531549,14.615201,3.234366,631784
1969-01-13,14.519598,14.519598,14.292543,14.340344,3.173541,1173612
1969-01-14,14.340344,14.746654,14.340344,14.746654,3.263458,738476
1969-01-15,14.746654,14.794455,14.674952,14.758604,3.266102,435136
1969-01-16,14.818356,14.949809,14.818356,14.949809,3.308416,426768
1969-01-17,14.949809,14.961759,14.591300,14.698853,3.252881,949768
1969-01-20,14.340344,14.340344,14.101338,14.340344,3.173541,1820040
1969-01-21,14.340344,14.483748,14.328394,14.483748,3.205276,606680
1969-01-22,14.483748,14.519598,14.340344,14.483748,3.205276,652704
1969-01-23,14.483748,14.483748,14.340344,14.364245,3.178830,510448
1969-01-24,14.364245,14.364245,14.268642,14.328394,3.170899,485344
1969-01-27,14.328394,14.340344,14.232792,14.328394,3.170899,543920
1969-01-28,14.328394,14.364245,14.256692,14.328394,3.170899,543920
1969-01-29,14.328394,14.340344,14.161090,14.161090,3.133870,627600
1969-01-30,14.161090,14.208891,14.113289,14.173040,3.136518,615048
1969-01-31,14.173040,14.220841,14.113289,14.161090,3.133870,652704
1969-02-03,14.161090,14.208891,14.089388,14.095363,3.119325,596220
1969-02-04,14.101338,14.196941,14.101338,14.161090,3.133870,468608
1969-02-05,14.161090,14.184990,14.125239,14.184990,3.139159,495804
1969-02-06,14.184990,14.292543,14.077438,14.208891,3.152950,638060
1969-02-07,14.208891,14.244742,14.125239,14.244742,3.160905,527184
1969-02-11,14.352294,14.483748,14.352294,14.483748,3.213940,606680
1969-02-12,14.507648,14.663002,14.507648,14.603250,3.240455,562748
1969-02-13,14.651052,14.842256,14.651052,14.830306,3.290841,489528
1969-02-14,14.830306,14.842256,14.663002,14.758604,3.274931,491620
1969-02-17,14.651052,14.651052,14.340344,14.340344,3.182118,564840
1969-02-18,14.340344,14.340344,14.196941,14.340344,3.182118,577392
1969-02-19,14.340344,14.435946,14.113289,14.125239,3.134387,587852
1969-02-20,14.125239,14.173040,14.053537,14.125239,3.134387,681992
1969-02-24,14.125239,14.220841,14.113289,14.184990,3.147644,510448
1969-02-25,14.184990,14.316444,14.113289,14.161090,3.142342,656888
1969-02-26,14.161090,14.268642,14.149140,14.268642,3.166210,560656
1969-02-27,14.244742,14.244742,14.125239,14.149140,3.139691,491620
1969-02-28,14.149140,14.208891,14.017686,14.023662,3.111846,443504
1969-03-03,14.023662,14.149140,13.945985,14.149140,3.139691,340996
1969-03-04,14.149140,14.268642,14.125239,14.232792,3.158255,412124
1969-03-05,14.292543,14.459847,14.292543,14.388145,3.192726,382836
1969-03-06,14.459847,14.459847,14.292543,14.388145,3.192726,382836
1969-03-07,14.328394,14.328394,14.101338,14.328394,3.179469,376560
1969-03-10,14.328394,14.507648,14.292543,14.507648,3.219239,322168
1969-03-11,14.507648,14.710803,14.412046,14.483748,3.213940,449780
1969-03-12,14.483748,14.507648,14.316444,14.322419,3.178142,403756
1969-03-13,14.322419,14.340344,14.065488,14.089388,3.126433,589944
1969-03-14,14.089388,14.137189,14.029637,14.137189,3.137038,340996
1969-03-17,14.137189,14.483748,14.077438,14.423996,3.200683,514632
1969-03-18,14.423996,14.423996,14.244742,14.334369,3.180792,345180
1969-03-19,14.340344,14.567400,14.340344,14.507648,3.219239,378652
1969-03-20,14.507648,14.615201,14.483748,14.603250,3.240455,422584
1969-03-21,14.603250,14.603250,14.435946,14.603250,3.240455,345180
1969-03-24,14.603250,14.674952,14.591300,14.651052,3.251065,299156
1969-03-25,14.651052,14.794455,14.615201,14.722753,3.266974,378652
1969-03-26,14.722753,14.830306,14.674952,14.794455,3.282887,491620
1969-03-27,14.794455,14.890057,14.758604,14.878107,3.301449,437228
1969-03-28,14.890057,15.081262,14.890057,15.009560,3.330618,343088
1969-04-01,15.009560,15.105163,14.949809,14.961759,3.320011,366100
1969-04-02,14.961759,14.961759,14.842256,14.866157,3.298796,261500
1969-04-03,14.866157,14.866157,14.722753,14.854207,3.296146,334720
1969-04-07,14.770554,14.770554,14.674952,14.686902,3.259019,372376
1969-04-08,14.686902,14.794455,14.591300,14.651052,3.251065,322168
1969-04-09,14.674952,14.913958,14.674952,14.913958,3.309403,351456
1969-04-10,14.913958,14.997610,14.890057,14.997610,3.327968,236396
1969-04-11,14.997610,15.033461,14.890057,14.925908,3.312056,349364
1969-04-14,14.913958,14.913958,14.770554,14.782505,3.280234,426768
1969-04-15,14.818356,14.913958,14.818356,14.842256,3.293492,230120
1969-04-16,14.842256,14.878107,14.674952,14.758604,3.274931,219660
1969-04-17,14.758604,14.758604,14.651052,14.663002,3.253719,297064
1969-04-18,14.663002,14.758604,14.651052,14.734704,3.269627,225936
1969-04-21,14.734704,14.758604,14.591300,14.722753,3.266974,263592
1969-04-22,14.722753,14.961759,14.636114,14.937859,3.314707,495804
1969-04-23,14.937859,14.985660,14.866157,14.878107,3.301449,430952
1969-04-24,14.890057,15.105163,14.890057,15.081262,3.346527,453964
1969-04-25,15.081262,15.200765,15.033461,15.188815,3.370395,401664
1969-04-28,15.200765,15.511472,15.200765,15.499522,3.439339,621324
1969-04-29,15.511472,15.702677,15.511472,15.642925,3.471163,698728
1969-04-30,15.642925,15.786329,15.595124,15.678776,3.479119,728016
1969-05-01,15.678776,15.702677,15.415870,15.559273,3.452600,851444
1969-05-02,15.559273,15.654876,15.535373,15.607075,3.471737,274052
1969-05-05,15.619025,15.678776,15.619025,15.654876,3.482371,305432
1969-05-06,15.666826,15.858031,15.666826,15.846080,3.524905,489528
1969-05-07,15.846080,15.893881,15.583174,15.726577,3.498321,422584
1969-05-08,15.726577,15.846080,15.678776,15.762428,3.506296,349364
1969-05-09,15.762428,15.762428,15.595124,15.630975,3.477056,242672
1969-05-12,15.630975,15.690727,15.541348,15.607075,3.471737,248948
1969-05-13,15.607075,15.846080,15.559273,15.846080,3.524905,315892
1969-05-14,15.846080,16.007408,15.846080,15.965583,3.551488,422584
1969-05-15,15.893881,15.893881,15.726577,15.774379,3.508955,395388
1969-05-16,15.774379,15.917782,15.774379,15.798279,3.514271,305432
1969-05-19,15.726577,15.726577,15.499522,15.499522,3.447813,253132
1969-05-20,15.475621,15.475621,15.272467,15.272467,3.397307,583668
1969-05-21,15.284417,15.487572,15.284417,15.415870,3.429207,276144
1969-05-22,15.415870,15.487572,15.380019,15.427820,3.431864,537644
1969-05-23,15.427820,15.654876,15.415870,15.630975,3.477056,217568
1969-05-26,15.630975,15.726577,15.607075,15.630975,3.477056,186188
1969-05-27,15.630975,15.738528,15.403920,15.403920,3.426549,207108
1969-05-28,15.403920,15.415870,15.248566,15.380019,3.421231,301248
1969-05-29,15.380019,15.487572,15.212715,15.248566,3.391990,397480
1969-06-02,15.248566,15.296367,15.248566,15.272467,3.397307,182004
1969-06-03,15.272467,15.368069,15.176864,15.200765,3.381357,416308
1969-06-04,15.200765,15.320268,15.188815,15.248566,3.391990,357732
1969-06-05,15.248566,15.260516,15.200765,15.200765,3.381357,271960
1969-06-06,15.200765,15.224665,15.057361,15.057361,3.349455,280328
1969-06-09,15.021511,15.021511,14.866157,14.925908,3.320214,424676
1969-06-10,14.925908,14.961759,14.818356,14.830306,3.298952,330536
1969-06-11,14.830306,14.866157,14.722753,14.794455,3.290976,428860
1969-06-12,14.770554,14.770554,14.710803,14.722753,3.275024,462332
1969-06-13,14.794455,14.973709,14.794455,14.890057,3.312239,539736
1969-06-16,14.961759,15.045411,14.961759,14.985660,3.333508,274052
1969-06-17,14.985660,15.021511,14.830306,15.021511,3.341482,407940
1969-06-18,15.021511,15.200765,15.021511,15.021511,3.341482,617140
1969-06-19,15.021511,15.188815,14.973709,15.009560,3.338824,405848
1969-06-20,15.009560,15.248566,14.913958,14.925908,3.320214,757304
1969-06-23,14.925908,15.081262,14.913958,15.081262,3.354772,474884
1969-06-24,15.272467,15.607075,15.272467,15.559273,3.461107,771948
1969-06-25,15.559273,15.559273,15.320268,15.320268,3.407939,612956
1969-06-26,15.320268,15.762428,15.296367,15.762428,3.506296,675716
1969-06-27,15.762428,15.989484,15.750478,15.846080,3.524905,872364
1969-06-30,15.893881,16.228489,15.893881,16.144836,3.591362,849352
1969-07-01,16.144836,16.216539,15.977533,16.132887,3.588705,587852
1969-07-02,16.228489,16.634798,16.228489,16.634798,3.700352,771948
1969-07-03,16.634798,17.423517,16.634798,16.790154,3.734911,979056
1969-07-07,16.790154,16.802103,16.443596,16.634798,3.700352,1020896
1969-07-08,16.491396,16.491396,16.061186,16.061186,3.572752,1154784
1969-07-09,16.037285,16.037285,15.893881,15.941683,3.546170,782408
1969-07-10,15.941683,16.061186,15.559273,15.630975,3.477056,694544
1969-07-11,15.630975,15.917782,15.607075,15.846080,3.524905,805420
1969-07-14,15.846080,15.869981,15.344168,15.368069,3.418572,615048
1969-07-15,15.368069,15.487572,15.164914,15.463671,3.439836,1085748
1969-07-16,15.559273,15.702677,15.559273,15.702677,3.493004,652704
1969-07-17,15.702677,15.869981,15.630975,15.654876,3.482371,529276
1969-07-18,15.583174,15.583174,15.320268,15.439771,3.434523,458148
1969-07-22,15.439771,15.535373,15.188815,15.212715,3.384013,663164
1969-07-23,15.212715,15.391969,15.081262,15.308317,3.405285,1002068
1969-07-24,15.308317,15.368069,15.129063,15.152964,3.370721,650612
1969-07-25,15.152964,15.224665,15.069312,15.129063,3.365407,755212
1969-07-28,15.117113,15.117113,14.961759,14.967734,3.329518,999976
1969-07-29,14.967734,15.439771,14.961759,14.961759,3.328192,1428836
1969-07-30,14.961759,15.296367,14.818356,15.081262,3.354772,1320052
1969-07-31,15.296367,15.607075,15.296367,15.511472,3.450471,1146416
1969-08-01,15.583174,15.858031,15.583174,15.750478,3.514469,985332
1969-08-04,15.750478,15.965583,15.559273,15.619025,3.485138,757304
1969-08-05,15.654876,15.989484,15.654876,15.989484,3.567795,822156
1969-08-06,16.025335,16.180689,16.025335,16.061186,3.583796,751028
1969-08-07,16.061186,16.108988,15.905832,15.953633,3.559799,405848
1969-08-08,15.953633,16.132887,15.941683,15.941683,3.557133,284512
1969-08-11,15.941683,15.977533,15.738528,15.738528,3.511802,338904
1969-08-12,15.738528,15.798279,15.678776,15.798279,3.525134,541828
1969-08-13,15.798279,16.013384,15.714627,16.013384,3.573131,648520
1969-08-14,16.013384,16.192638,15.989484,16.192638,3.613128,621324
1969-08-15,16.192638,16.228489,16.108988,16.228489,3.621130,560656
1969-08-18,16.228489,16.324093,16.168737,16.312141,3.639797,587852
1969-08-19,16.312141,16.455545,16.252390,16.347992,3.647794,801236
1969-08-20,16.347992,16.581022,16.300192,16.581022,3.699789,543920
1969-08-21,16.581022,16.706501,16.539198,16.682600,3.722455,537644
1969-08-22,16.682600,16.766253,16.670650,16.742352,3.735788,728016
1969-08-25,16.563099,16.563099,16.300192,16.300192,3.637130,596220
1969-08-26,16.300192,16.336042,16.156788,16.252390,3.626461,468608
1969-08-27,16.324093,16.539198,16.324093,16.383842,3.655792,347272
1969-08-28,16.419695,16.634798,16.419695,16.634798,3.711790,340996
1969-08-29,16.634798,16.724426,16.395794,16.491396,3.679793,602496
1969-09-02,16.491396,16.515297,16.276291,16.419695,3.663796,445596
1969-09-03,16.419695,16.503345,16.264339,16.288240,3.634462,259408
1969-09-04,16.288240,16.324093,16.156788,16.264339,3.629132,460240
1969-09-05,16.264339,16.276291,16.073135,16.156788,3.605129,382836
1969-09-08,16.132887,16.132887,16.025335,16.025335,3.575799,322168
1969-09-09,16.025335,16.180689,15.822180,16.180689,3.610464,560656
1969-09-10,16.252390,16.706501,16.252390,16.658701,3.717124,504172
1969-09-11,16.563099,16.563099,16.383842,16.419695,3.663796,464424
1969-09-12,16.419695,16.515297,16.132887,16.515297,3.685127,669440
1969-09-15,16.515297,16.598948,16.252390,16.443596,3.669130,562748
1969-09-16,16.443596,16.622849,16.324093,16.575048,3.698460,562748
1969-09-17,16.575048,16.610899,16.503345,16.586998,3.701124,313800
1969-09-18,16.586998,16.706501,16.586998,16.658701,3.717124,462332
1969-09-19,16.694551,16.873804,16.694551,16.778202,3.743787,1071104
1969-09-22,16.849903,17.160612,16.849903,17.136711,3.823785,782408
1969-09-23,17.136711,17.220364,16.945507,17.076960,3.810451,684084
1969-09-24,17.076960,17.088909,16.969406,17.065010,3.807784,453964
1969-09-25,17.017208,17.017208,16.586998,16.622849,3.709125,535552
1969-09-26,16.622849,16.778202,16.491396,16.563099,3.695793,449780
1969-09-29,16.563099,16.646749,16.395794,16.551147,3.693125,579484
1969-09-30,16.551147,16.586998,16.467495,16.503345,3.682458,309616
1969-10-01,16.503345,16.539198,16.407743,16.419695,3.663796,376560
1969-10-02,16.419695,16.515297,16.252390,16.467495,3.674460,1117128
1969-10-03,16.467495,16.575048,16.431644,16.479446,3.677125,822156
1969-10-06,16.479446,16.682600,16.407743,16.658701,3.717124,391204
1969-10-07,16.658701,16.754301,16.503345,16.539198,3.690456,443504
1969-10-08,16.527246,16.527246,16.306166,16.324093,3.642462,715464
1969-10-09,16.324093,16.622849,16.264339,16.586998,3.701124,357732
1969-10-10,16.586998,16.724426,16.443596,16.563099,3.695793,550196
1969-10-13,16.563099,16.622849,16.395794,16.598948,3.703791,357732
1969-10-14,16.598948,16.897705,16.586998,16.873804,3.765121,1211268
1969-10-15,16.909657,17.005259,16.909657,16.921606,3.775787,790776
1969-10-16,16.921606,17.017208,16.658701,16.814054,3.751791,669440
1969-10-17,16.814054,16.897705,16.742352,16.778202,3.743787,332628
1969-10-20,16.778202,16.873804,16.778202,16.873804,3.765121,265684
1969-10-21,16.885756,17.148663,16.885756,17.065010,3.807784,596220
1969-10-22,17.065010,17.076960,16.969406,16.993307,3.791786,621324
1969-10-23,16.993307,17.041109,16.861855,17.041109,3.802451,435136
1969-10-24,17.148663,17.447418,17.148663,17.399618,3.882448,767764
1969-10-27,17.399618,17.447418,17.232313,17.375717,3.877114,307524
1969-10-28,17.375717,17.375717,17.208412,17.280115,3.855784,299156
1969-10-29,17.208412,17.208412,17.029160,17.029160,3.799787,364008
1969-10-30,17.029160,17.184511,16.933556,17.184511,3.834450,566932
1969-10-31,17.184511,17.315966,17.184511,17.232313,3.845118,412124
1969-11-03,17.208412,17.208412,17.029160,17.184511,3.834450,435136
1969-11-04,17.184511,17.232313,17.017208,17.184511,3.834450,424676
1969-11-05,17.184511,17.268164,17.172562,17.232313,3.845118,299156
1969-11-06,17.232313,17.268164,17.172562,17.232313,3.855812,259408
1969-11-07,17.292065,17.459370,17.292065,17.447418,3.903942,445596
1969-11-10,17.447418,17.614723,17.447418,17.531071,3.922662,677808
1969-11-11,17.531071,17.626673,17.507170,17.578873,3.933356,424676
1969-11-12,17.578873,17.614723,17.507170,17.543020,3.925336,347272
1969-11-13,17.483271,17.483271,17.184511,17.423517,3.898596,679900
1969-11-14,17.423517,17.423517,17.351816,17.351816,3.882550,320076
1969-11-17,17.351816,17.387667,17.280115,17.327915,3.877203,374468
1969-11-18,17.327915,17.387667,17.232313,17.363768,3.885224,479068
1969-11-19,17.363768,17.375717,17.160612,17.160612,3.839768,610864
1969-11-20,17.076960,17.076960,16.849903,16.957457,3.794313,692452
1969-11-21,16.945507,16.945507,16.778202,16.778202,3.754202,284512
1969-11-24,16.730402,16.730402,16.455545,16.527246,3.698051,650612
1969-11-25,16.527246,16.814054,16.515297,16.551147,3.703401,592036
1969-11-26,16.575048,16.778202,16.575048,16.730402,3.743509,433044
1969-11-28,16.814054,17.088909,16.814054,17.065010,3.818377,292880
1969-12-01,17.136711,17.256214,17.136711,17.208412,3.850464,560656
1969-12-02,17.184511,17.184511,16.993307,17.017208,3.807680,698728
1969-12-03,17.017208,17.160612,16.975382,16.975382,3.798321,317984
1969-12-04,16.975382,17.088909,16.837954,17.065010,3.818377,523000
1969-12-05,17.065010,17.208412,16.981358,17.065010,3.818377,405848
1969-12-08,17.065010,17.160612,16.993307,16.993307,3.802336,479068
1969-12-09,16.993307,17.280115,16.981358,17.017208,3.807680,778224
1969-12-10,17.017208,17.017208,16.849903,16.993307,3.802336,799144
1969-12-11,16.993307,17.053059,16.981358,16.993307,3.802336,466516
1969-12-12,17.029160,17.220364,17.029160,17.184511,3.845116,426768
1969-12-15,17.160612,17.160612,17.029160,17.112810,3.829074,414216
1969-12-16,17.112810,17.112810,16.885756,16.885756,3.778270,552288
1969-12-17,16.885756,16.945507,16.742352,16.802103,3.759551,334720
1969-12-18,16.802103,17.244265,16.778202,17.220364,3.853140,889100
1969-12-19,17.232313,17.543020,17.232313,17.519119,3.919988,966504
1969-12-22,17.495220,17.495220,17.220364,17.232313,3.855812,612956
1969-12-23,17.208412,17.208412,16.790154,16.802103,3.759551,805420
1969-12-24,16.921606,17.184511,16.921606,16.969406,3.796988,587852
1969-12-26,16.969406,17.280115,16.969406,17.256214,3.861159,230120
1969-12-29,17.256214,17.339867,17.112810,17.124762,3.831747,232212
1969-12-30,17.124762,17.220364,17.041109,17.184511,3.845116,405848
1969-12-31,17.304014,17.423517,17.304014,17.423517,3.898596,610864
1970-01-02,17.423517,17.483271,17.399618,17.435469,3.901267,330536
1970-01-05,17.495220,17.602772,17.495220,17.602772,3.938705,443504
1970-01-06,17.602772,17.638622,17.507170,17.614723,3.941380,510448
1970-01-07,17.614723,17.626673,17.507170,17.626673,3.944053,479068
1970-01-08,17.626673,17.662523,17.566921,17.662523,3.952076,740568
1970-01-09,17.662523,17.710325,17.614723,17.638622,3.946728,612956
1970-01-12,17.638622,17.674475,17.578873,17.578873,3.933356,397480
1970-01-13,17.578873,17.973230,17.578873,17.883604,4.001541,778224
1970-01-14,17.883604,17.949331,17.829828,17.865679,3.997533,410032
1970-01-15,17.925430,18.236137,17.925430,18.236137,4.080424,441412
1970-01-16,18.236137,18.499044,17.638622,17.674475,3.954746,1343064
1970-01-19,16.975382,16.975382,16.706501,16.730402,3.743509,778224
1970-01-20,16.730402,17.065010,16.491396,17.041109,3.813028,1759372
1970-01-21,17.041109,17.041109,16.897705,16.969406,3.796988,989516
1970-01-22,16.969406,17.065010,16.933556,17.017208,3.807680,667348
1970-01-23,17.017208,17.160612,17.017208,17.017208,3.807680,853536
1970-01-26,16.921606,16.921606,16.658701,16.658701,3.727463,728016
1970-01-27,16.527246,16.527246,16.300192,16.503345,3.692705,1138048
1970-01-28,16.503345,16.598948,16.264339,16.300192,3.647246,884916
1970-01-29,16.300192,16.479446,15.977533,16.180689,3.620507,1121312
1970-01-30,16.022346,16.479446,15.977533,16.022346,3.585075,447688
1970-02-02,16.108988,16.395794,16.108988,16.395794,3.668635,826340
1970-02-03,16.395794,16.575048,16.085087,16.407743,3.671313,1188256
1970-02-04,16.407743,16.575048,16.085087,16.407743,3.671313,945584
1970-02-05,16.228489,16.228489,16.001434,16.192638,3.623182,855628
1970-02-06,16.192638,16.503345,16.168737,16.479446,3.687355,736384
1970-02-09,16.563099,16.802103,16.563099,16.718451,3.740835,596220
1970-02-10,16.718451,16.802103,16.467495,16.539198,3.700725,535552
1970-02-11,16.670650,16.969406,16.670650,16.969406,3.796988,610864
1970-02-12,16.969406,16.969406,16.754301,16.826004,3.764899,523000
1970-02-13,16.826004,16.826004,16.610899,16.682600,3.732811,520908
1970-02-16,16.682600,16.766253,16.622849,16.694551,3.735485,433044
1970-02-17,16.694551,16.718451,16.539198,16.718451,3.740835,464424
1970-02-18,16.718451,16.957457,16.706501,16.790154,3.756877,410032
1970-02-19,16.826004,16.945507,16.826004,16.826004,3.764899,679900
1970-02-20,16.826004,16.849903,16.634798,16.706501,3.738158,673624
1970-02-24,16.658701,16.658701,16.467495,16.467495,3.684678,389112
1970-02-25,16.467495,16.682600,16.013384,16.491396,3.690029,1280304
1970-02-26,16.491396,16.491396,16.228489,16.455545,3.682007,594128
1970-02-27,16.455545,16.491396,16.264339,16.264339,3.639225,604588
1970-03-02,16.264339,16.300192,16.001434,16.037285,3.588418,1039724
1970-03-03,16.037285,16.037285,15.917782,15.929732,3.564353,849352
1970-03-04,15.929732,16.001434,15.702677,15.762428,3.526918,1117128
1970-03-05,15.762428,15.869981,15.726577,15.738528,3.521570,673624
1970-03-06,15.732553,15.732553,15.463671,15.547323,3.478787,1161060
1970-03-09,15.296367,15.296367,15.069312,15.141013,3.387875,1527160
1970-03-10,15.224665,15.607075,15.224665,15.607075,3.492159,991608
1970-03-11,15.607075,15.869981,15.535373,15.702677,3.513546,991608
1970-03-12,15.702677,15.714627,15.541348,15.714627,3.516223,673624
1970-03-13,15.714627,15.726577,15.499522,15.499522,3.468091,453964
1970-03-16,15.380019,15.380019,15.224665,15.296367,3.422636,784500
1970-03-17,15.296367,15.487572,15.260516,15.415870,3.449375,832616
1970-03-18,15.415870,15.499522,15.403920,15.403920,3.446703,629692
1970-03-19,15.403920,15.475621,15.356119,15.409895,3.448038,506264
1970-03-20,15.409895,15.439771,15.188815,15.284417,3.419964,765672
1970-03-23,15.284417,15.427820,15.188815,15.391969,3.444026,349364
1970-03-24,15.391969,15.678776,15.391969,15.678776,3.508202,451872
1970-03-25,15.750478,16.108988,15.750478,15.917782,3.561679,1303316
1970-03-26,15.917782,16.013384,15.905832,15.929732,3.564353,470700
1970-03-30,15.977533,16.144836,15.977533,16.097036,3.601790,533460
1970-03-31,16.097036,16.180689,16.061186,16.180689,3.620507,617140
1970-04-01,16.180689,16.276291,16.120937,16.144836,3.612485,546012
1970-04-02,16.108988,16.108988,15.858031,15.869981,3.550985,437228
1970-04-03,15.810229,15.810229,15.571224,15.607075,3.492159,485344
1970-04-06,15.463671,15.463671,15.176864,15.320268,3.427985,935124
1970-04-07,15.320268,15.439771,15.248566,15.296367,3.422636,581576
1970-04-08,15.296367,15.487572,15.272467,15.487572,3.465418,447688
1970-04-09,15.559273,15.798279,15.559273,15.571224,3.484135,642244
1970-04-10,15.571224,16.108988,15.571224,15.846080,3.545635,1566908
1970-04-13,15.822180,15.822180,15.601099,15.630975,3.497506,443504
1970-04-14,15.607075,15.607075,15.356119,15.523423,3.473438,663164
1970-04-15,15.523423,15.630975,15.427820,15.451721,3.457398,466516
1970-04-16,15.451721,15.535373,15.320268,15.332218,3.430656,481160
1970-04-17,15.332218,15.463671,15.272467,15.415870,3.449375,571116
1970-04-20,15.439771,15.571224,15.439771,15.511472,3.470765,458148
1970-04-21,15.511472,15.535373,15.344168,15.344168,3.433332,449780
1970-04-22,15.278442,15.278442,14.961759,14.961759,3.347765,1416284
1970-04-23,14.961759,15.033461,14.794455,14.800430,3.311667,1108760
1970-04-24,14.800430,14.890057,14.627151,14.770554,3.304983,891192
1970-04-27,14.770554,14.818356,14.322419,14.412046,3.224766,1717532
1970-04-28,14.328394,14.328394,13.862333,13.874283,3.104438,2115012
1970-04-29,13.874283,14.388145,13.683078,14.352294,3.211396,2177772
1970-04-30,14.352294,14.352294,14.077438,14.244742,3.187330,966504
1970-05-01,14.244742,14.292543,13.957935,14.184990,3.186792,958136
1970-05-04,14.083413,14.083413,13.479924,13.527725,3.039129,1801212
1970-05-05,13.527725,13.575526,13.336520,13.527725,3.039129,1441388
1970-05-06,13.527725,13.910134,13.408222,13.742830,3.087455,1677784
1970-05-07,13.742830,13.868308,13.742830,13.850382,3.111618,571116
1970-05-08,13.850382,13.886233,13.718929,13.886233,3.119674,560656
1970-05-11,13.838432,13.838432,13.623327,13.647228,3.065978,483252
1970-05-12,13.647228,13.778681,13.288719,13.503824,3.033762,1018804
1970-05-13,13.324570,13.324570,13.109465,13.145315,2.953220,1719624
1970-05-14,13.121415,13.121415,12.523901,12.834608,2.883416,1742636
1970-05-15,12.834608,12.954111,12.571702,12.942161,2.907579,2192416
1970-05-18,12.942161,12.978011,12.882409,12.906310,2.899525,824248
1970-05-19,12.834608,12.834608,12.356597,12.356597,2.776026,1064828
1970-05-20,12.213193,12.213193,11.926386,11.974187,2.690114,1648496
1970-05-21,11.747132,11.747132,11.328872,11.735182,2.636420,2652656
1970-05-22,11.735182,11.950287,11.615679,11.854685,2.663266,1217544
1970-05-25,11.818834,11.818834,11.520076,11.520076,2.588093,1058552
1970-05-26,11.520076,11.818834,11.376673,11.567878,2.598832,2414168
1970-05-27,11.711281,12.452199,11.711281,12.380497,2.781397,1960204
1970-05-28,12.380497,12.798757,12.380497,12.762906,2.867306,2186140
1970-05-29,12.762906,13.372371,12.595602,13.288719,2.985436,1861880
1970-06-01,13.288719,13.718929,13.193117,13.718929,3.082087,1736360
1970-06-02,13.695029,13.695029,13.348470,13.527725,3.039129,1261476
1970-06-03,13.527725,13.611377,13.288719,13.527725,3.039129,1399548
1970-06-04,13.444073,13.444073,12.918260,12.966061,2.912948,1129680
1970-06-05,12.966061,13.061663,12.631453,12.906310,2.899525,1612932
1970-06-08,12.906310,13.073614,12.679254,12.727055,2.859252,642244
1970-06-09,12.727055,12.882409,12.667304,12.822658,2.880731,694544
1970-06-10,12.822658,12.846558,12.523901,12.691205,2.851198,675716
1970-06-11,12.535851,12.535851,12.368547,12.392447,2.784080,933032
1970-06-12,12.392447,12.428298,12.105641,12.380497,2.781397,1002068
1970-06-15,12.380497,12.571702,12.165392,12.380497,2.781397,782408
1970-06-16,12.386472,12.954111,12.386472,12.954111,2.910264,696636
1970-06-17,12.954111,13.037763,12.679254,12.703155,2.853882,939308
1970-06-18,12.703155,13.001912,12.428298,13.001912,2.921002,843076
1970-06-19,13.001912,13.181166,12.918260,12.918260,2.902211,755212
1970-06-22,12.918260,13.061663,12.673279,12.834608,2.883416,725924
1970-06-23,12.834608,12.906310,12.290870,12.290870,2.761260,759396
1970-06-24,12.290870,12.535851,12.189293,12.189293,2.738440,1129680
1970-06-25,12.272945,12.523901,12.272945,12.332696,2.770656,1640128
1970-06-26,12.332696,12.476099,12.201243,12.308795,2.765286,895376
1970-06-29,12.308795,12.428298,12.165392,12.308795,2.765286,901652
1970-06-30,12.308795,12.416348,11.950287,11.950287,2.684745,1146416
1970-07-01,11.950287,12.177342,11.944312,12.141491,2.727700,813788
1970-07-02,12.141491,12.201243,11.950287,11.986138,2.692798,790776
1970-07-06,11.968212,11.968212,11.663480,11.687380,2.625680,861904
1970-07-07,11.687380,11.818834,11.567878,11.591778,2.604202,1004160
1970-07-08,11.639579,12.069790,11.639579,12.069790,2.711592,1257292
1970-07-09,12.069790,12.237094,11.974187,12.153442,2.730386,968596
1970-07-10,12.153442,12.165392,11.890535,11.962237,2.687430,621324
1970-07-13,11.962237,12.045889,11.711281,11.842734,2.660582,870272
1970-07-14,11.842734,12.033939,11.842734,12.010038,2.698169,761488
1970-07-15,12.010038,12.093690,11.950287,12.045889,2.706221,893284
1970-07-16,12.057839,12.213193,12.057839,12.141491,2.727700,1052276
1970-07-17,12.225143,12.428298,12.225143,12.404398,2.786763,1320052
1970-07-20,12.404398,12.547801,12.320746,12.332696,2.770656,1158968
1970-07-21,12.332696,12.344646,12.249044,12.320746,2.767971,504172
1970-07-22,12.320746,12.380497,12.123566,12.141491,2.727700,1050184
1970-07-23,12.141491,12.356597,12.117591,12.284895,2.759916,1209176
1970-07-24,12.237094,12.237094,12.093690,12.129541,2.725017,809604
1970-07-27,12.129541,12.189293,12.010038,12.105641,2.719648,441412
1970-07-28,12.105641,12.129541,12.010038,12.081740,2.714277,629692
1970-07-29,12.081740,12.141491,12.057839,12.069790,2.711592,705004
1970-07-30,12.069790,12.177342,12.069790,12.117591,2.722331,658980
1970-07-31,12.105641,12.105641,12.004063,12.057839,2.721794,638060
1970-08-03,12.039914,12.039914,11.860660,11.914436,2.689421,755212
1970-08-04,11.914436,11.974187,11.806883,11.962237,2.700212,843076
1970-08-05,11.962237,11.986138,11.914436,11.938337,2.694816,351456
1970-08-06,11.938337,11.938337,11.830784,11.878585,2.681327,437228
1970-08-07,11.878585,11.902486,11.711281,11.735182,2.648957,755212
1970-08-10,11.735182,11.735182,11.400574,11.496176,2.595008,1198716
1970-08-11,11.460325,11.460325,11.293021,11.388623,2.570730,776132
1970-08-12,11.269120,11.269120,11.018164,11.024140,2.488456,1286580
1970-08-13,10.994264,10.994264,10.456501,10.659656,2.406182,3395316
1970-08-14,10.755258,10.988289,10.755258,10.988289,2.480362,1156876
1970-08-17,10.988289,11.245220,10.874761,11.245220,2.538363,805420
1970-08-18,11.257170,11.484226,11.257170,11.460325,2.586915,1228004
1970-08-19,11.460325,11.603728,11.412524,11.460325,2.586915,730108
1970-08-20,11.460325,11.699331,11.281071,11.699331,2.640868,914204
1970-08-21,11.699331,11.950287,11.651530,11.914436,2.689421,1131772
1970-08-24,12.141491,12.559751,12.141491,12.559751,2.835088,2190324
1970-08-25,12.559751,12.810707,12.428298,12.619503,2.848574,1690336
1970-08-26,12.619503,12.906310,12.571702,12.607553,2.845877,1152692
1970-08-27,12.607553,12.798757,12.464149,12.679254,2.862063,893284
1970-08-28,12.679254,12.978011,12.679254,12.966061,2.926802,956044
1970-08-31,12.882409,12.882409,12.727055,12.727055,2.872852,589944
1970-09-01,12.679254,12.679254,12.476099,12.613528,2.847226,857720
1970-09-02,12.613528,12.619503,12.392447,12.619503,2.848574,859812
1970-09-03,12.703155,12.918260,12.703155,12.894359,2.910618,868180
1970-09-04,12.894359,13.097514,12.870459,13.001912,2.934895,817972
1970-09-08,13.001912,13.145315,12.762906,13.145315,2.967265,979056
1970-09-09,13.145315,13.228967,12.918260,13.049713,2.945685,1020896
1970-09-10,12.942161,12.942161,12.810707,12.822658,2.894434,797052
1970-09-11,12.822658,12.954111,12.822658,12.846558,2.899828,518816
1970-09-14,12.846558,12.930210,12.643403,12.715105,2.870154,834708
1970-09-15,12.715105,12.739006,12.583652,12.733031,2.874203,525092
1970-09-16,12.733031,12.978011,12.721080,12.954111,2.924103,596220
1970-09-17,13.049713,13.240918,13.049713,13.217017,2.983450,807512
1970-09-18,13.252868,13.611377,13.252868,13.396272,3.023915,882824
1970-09-21,13.396272,13.402247,13.085564,13.169216,2.972659,935124
1970-09-22,13.157266,13.157266,12.978011,13.061663,2.948384,688268
1970-09-23,13.085564,13.432122,13.085564,13.432122,3.032005,1297040
1970-09-24,13.479924,13.790631,13.479924,13.790631,3.112931,1543896
1970-09-25,13.790631,13.922084,13.718929,13.790631,3.112931,884916
1970-09-28,13.790631,13.957935,13.718929,13.862333,3.129115,516724
1970-09-29,13.862333,13.993786,13.671128,13.945985,3.147999,801236
1970-09-30,13.945985,14.125239,13.934034,13.945985,3.147999,893284
1970-10-01,13.945985,14.196941,13.945985,14.196941,3.204647,518816
1970-10-02,14.232792,14.388145,14.232792,14.304493,3.228925,1018804
1970-10-05,14.364245,14.722753,14.364245,14.663002,3.309849,765672
1970-10-06,14.674952,14.806405,14.674952,14.680927,3.313896,853536
1970-10-07,14.674952,14.674952,14.412046,14.615201,3.299062,728016
1970-10-08,14.579350,14.579350,14.244742,14.256692,3.218132,807512
1970-10-09,14.256692,14.268642,14.053537,14.155115,3.195207,801236
1970-10-12,14.089388,14.089388,13.790631,13.874283,3.131814,640152
1970-10-13,13.874283,14.005736,13.671128,13.957935,3.150697,579484
1970-10-14,13.957935,14.089388,13.874283,13.934034,3.145302,368192
1970-10-15,13.934034,14.095363,13.934034,14.005736,3.161485,441412
1970-10-16,14.005736,14.029637,13.862333,13.898184,3.137209,648520
1970-10-19,13.706979,13.706979,13.527725,13.599426,3.069772,801236
1970-10-20,13.599426,13.957935,13.599426,13.916109,3.141256,535552
1970-10-21,13.916109,14.125239,13.802581,13.808556,3.116977,592036
1970-10-22,13.808556,13.838432,13.683078,13.766730,3.107536,399572
1970-10-23,13.802581,14.113289,13.802581,14.101338,3.183067,418400
1970-10-26,14.089388,14.089388,13.814532,13.850382,3.126418,412124
1970-10-27,13.850382,13.910134,13.814532,13.910134,3.139906,468608
1970-10-28,13.910134,14.208891,13.838432,14.173040,3.199252,571116
1970-10-29,14.196941,14.340344,14.196941,14.268642,3.220831,792868
1970-10-30,14.196941,14.196941,14.005736,14.053537,3.185081,623416
1970-11-02,14.053537,14.328394,13.993786,14.328394,3.247375,721740
1970-11-03,14.328394,14.376195,14.155115,14.155115,3.208103,566932
1970-11-04,14.161090,14.364245,14.161090,14.161090,3.209456,476976
1970-11-05,14.161090,14.173040,13.981836,13.987811,3.170183,575300
1970-11-06,13.987811,14.053537,13.934034,14.053537,3.185081,600404
1970-11-09,14.113289,14.292543,14.113289,14.220841,3.222998,953952
1970-11-10,14.256692,14.340344,14.256692,14.292543,3.239252,702912
1970-11-11,14.292543,14.483748,14.208891,14.208891,3.220289,834708
1970-11-12,14.208891,14.268642,14.161090,14.202916,3.218935,803328
1970-11-13,14.149140,14.149140,14.005736,14.011711,3.175599,707096
1970-11-16,14.011711,14.017686,13.790631,14.017686,3.176955,815880
1970-11-17,14.017686,14.113289,13.969885,13.999761,3.172894,418400
1970-11-18,13.981836,13.981836,13.862333,13.886233,3.147162,638060
1970-11-19,13.886233,14.005736,13.862333,13.910134,3.152579,525092
1970-11-20,13.910134,14.184990,13.898184,14.173040,3.212165,569024
1970-11-23,14.196941,14.364245,14.196941,14.292543,3.239252,937216
1970-11-24,14.292543,14.340344,14.113289,14.340344,3.250082,809604
1970-11-25,14.340344,14.376195,14.232792,14.292543,3.239252,985332
1970-11-27,14.292543,14.746654,14.268642,14.746654,3.342170,1048092
1970-11-30,14.746654,14.770554,14.591300,14.686902,3.328624,951860
1970-12-01,14.686902,14.770554,14.639101,14.722753,3.336751,880732
1970-12-02,14.722753,15.021511,14.710803,15.009560,3.401754,1188256
1970-12-03,15.009560,15.057361,14.830306,14.890057,3.374667,1104576
1970-12-04,14.890057,15.045411,14.770554,14.902008,3.377379,847260
1970-12-07,14.902008,15.105163,14.866157,15.105163,3.423420,759396
1970-12-08,15.105163,15.260516,15.045411,15.117113,3.426129,1006252
1970-12-09,15.117113,15.200765,15.033461,15.164914,3.436962,794960
1970-12-10,15.164914,15.290392,15.152964,15.176864,3.439672,730108
1970-12-11,15.176864,15.248566,15.152964,15.152964,3.434255,640152
1970-12-14,15.141013,15.141013,14.842256,14.854207,3.366544,694544
1970-12-15,14.854207,14.890057,14.800430,14.866157,3.369251,621324
1970-12-16,14.866157,15.009560,14.854207,14.961759,3.390918,514632
1970-12-17,14.961759,15.093212,14.961759,14.961759,3.390918,592036
1970-12-18,14.961759,15.141013,14.961759,15.081262,3.418006,633876
1970-12-21,15.081262,15.212715,15.033461,15.164914,3.436962,525092
1970-12-22,15.164914,15.236616,15.075287,15.105163,3.423420,717556
1970-12-23,15.105163,15.141013,14.866157,14.937859,3.385503,1525068
1970-12-24,14.949809,15.093212,14.949809,15.057361,3.412586,665256
1970-12-28,15.105163,15.224665,15.105163,15.224665,3.450505,407940
1970-12-29,15.224665,15.320268,15.152964,15.308317,3.469462,742660
1970-12-30,15.308317,15.332218,15.248566,15.272467,3.461337,447688
1970-12-31,15.272467,15.284417,15.129063,15.188815,3.442378,550196
1971-01-04,15.141013,15.141013,14.925908,14.961759,3.390918,562748
1971-01-05,14.961759,15.212715,14.890057,15.117113,3.426129,589944
1971-01-06,15.117113,15.320268,15.105163,15.200765,3.445089,510448
1971-01-07,15.200765,15.272467,15.093212,15.117113,3.426129,579484
1971-01-08,15.117113,15.141013,15.009560,15.033461,3.407170,598312
1971-01-11,15.009560,15.009560,14.830306,14.937859,3.385503,1029264
1971-01-12,14.937859,15.129063,14.925908,15.093212,3.420712,675716
1971-01-13,15.093212,15.188815,15.081262,15.087237,3.419361,941400
1971-01-14,15.087237,15.105163,14.973709,15.033461,3.407170,658980
1971-01-15,15.033461,15.057361,14.818356,14.818356,3.358418,753120
1971-01-18,14.866157,14.997610,14.866157,14.902008,3.377379,560656
1971-01-19,14.902008,15.009560,14.902008,14.949809,3.388212,663164
1971-01-20,14.949809,15.045411,14.913958,15.045411,3.409880,441412
1971-01-21,15.045411,15.105163,14.985660,15.081262,3.418006,573208
1971-01-22,15.111138,15.188815,15.111138,15.129063,3.428838,851444
1971-01-25,15.380019,15.380019,15.117113,15.380019,3.485713,1119220
1971-01-26,15.439771,15.666826,15.439771,15.583174,3.531757,1018804
1971-01-27,15.583174,15.583174,15.272467,15.415870,3.493839,962320
1971-01-28,15.344168,15.344168,15.152964,15.176864,3.439672,744752
1971-01-29,15.212715,15.559273,15.212715,15.559273,3.526339,711280
1971-02-01,15.559273,15.678776,15.535373,15.642925,3.545299,642244
1971-02-02,15.642925,15.714627,15.571224,15.666826,3.550714,767764
1971-02-03,15.666826,15.738528,15.607075,15.708652,3.560195,485344
1971-02-04,15.708652,15.822180,15.630975,15.798279,3.580508,621324
1971-02-05,15.798279,16.132887,15.690727,16.085087,3.659903,820064
1971-02-08,16.085087,16.336042,15.893881,16.288240,3.706128,719648
1971-02-09,16.288240,16.312141,16.168737,16.180689,3.681658,673624
1971-02-10,16.156788,16.156788,15.977533,16.120937,3.668065,648520
1971-02-11,16.120937,16.228489,16.097036,16.192638,3.684377,579484
1971-02-12,16.192638,16.228489,16.132887,16.228489,3.692535,382836
1971-02-16,16.228489,16.419695,16.192638,16.330067,3.715647,684084
1971-02-17,16.270315,16.270315,16.049234,16.085087,3.659903,652704
1971-02-18,16.085087,16.120937,15.738528,15.738528,3.581049,822156
1971-02-19,15.738528,15.858031,15.630975,15.690727,3.570175,692452
1971-02-22,15.690727,15.822180,15.607075,15.798279,3.594646,548104
1971-02-23,15.798279,16.037285,15.762428,16.025335,3.646310,382836
1971-02-24,16.061186,16.228489,16.061186,16.168737,3.678938,485344
1971-02-25,16.168737,16.192638,15.965583,15.965583,3.632716,504172
1971-02-26,15.965583,16.085087,15.869981,16.085087,3.659903,564840
1971-03-01,16.085087,16.216539,16.001434,16.204590,3.687096,474884
1971-03-02,16.180689,16.180689,16.061186,16.156788,3.676219,447688
1971-03-03,16.156788,16.168737,16.061186,16.120937,3.668065,380744
1971-03-04,16.168737,16.383842,16.168737,16.288240,3.706128,600404
1971-03-05,16.312141,16.515297,16.312141,16.515297,3.757792,692452
1971-03-08,16.515297,16.658701,16.407743,16.658701,3.790420,648520
1971-03-09,16.658701,16.766253,16.634798,16.682600,3.795861,790776
1971-03-10,16.682600,16.742352,16.670650,16.670650,3.793139,399572
1971-03-11,16.670650,16.706501,16.563099,16.622849,3.782263,801236
1971-03-12,16.622849,16.921606,16.610899,16.921606,3.850241,681992
1971-03-15,16.921606,17.435469,16.873804,17.375717,3.953567,700820
1971-03-16,17.363768,17.363768,17.220364,17.327915,3.942689,910020
1971-03-17,17.327915,17.399618,17.160612,17.375717,3.953567,610864
1971-03-18,17.375717,17.483271,17.232313,17.256214,3.926375,508356
1971-03-19,17.256214,17.315966,17.112810,17.238289,3.922299,744752
1971-03-22,17.238289,17.292065,17.136711,17.136711,3.899184,531368
1971-03-23,17.136711,17.184511,16.981358,17.005259,3.869276,594128
1971-03-24,17.005259,17.065010,16.921606,16.969406,3.861117,483252
1971-03-25,16.969406,17.029160,16.778202,17.017208,3.871993,529276
1971-03-26,17.029160,17.160612,17.029160,17.112810,3.893747,387020
1971-03-29,17.112810,17.208412,17.041109,17.041109,3.877431,328444
1971-03-30,17.041109,17.124762,17.029160,17.065010,3.882871,286604
1971-03-31,17.065010,17.196463,17.017208,17.088909,3.888309,305432
1971-04-01,17.088909,17.112810,16.933556,17.017208,3.871993,326352
1971-04-02,17.017208,17.160612,16.981358,17.112810,3.893747,286604
1971-04-05,17.112810,17.244265,17.041109,17.244265,3.923658,441412
1971-04-06,17.244265,17.339867,17.160612,17.262190,3.927736,843076
1971-04-07,17.262190,17.399618,17.208412,17.256214,3.926375,673624
1971-04-08,17.256214,17.304014,17.017208,17.053059,3.880151,813788
1971-04-12,17.053059,17.232313,17.041109,17.065010,3.882871,504172
1971-04-13,17.065010,17.268164,17.065010,17.112810,3.893747,853536
1971-04-14,17.112810,17.172562,17.041109,17.148663,3.901905,525092
1971-04-15,17.148663,17.148663,17.029160,17.029160,3.874714,907928
1971-04-16,16.909657,16.909657,16.826004,16.826004,3.828489,5004064
1971-04-19,16.873804,16.981358,16.873804,16.921606,3.850241,424676
1971-04-20,16.921606,17.017208,16.921606,17.017208,3.871993,646428
1971-04-21,17.005259,17.005259,16.837954,16.873804,3.839365,581576
1971-04-22,16.849903,16.849903,16.682600,16.826004,3.828489,1163152
1971-04-23,16.826004,17.053059,16.790154,16.969406,3.861117,654796
1971-04-26,16.969406,17.112810,16.945507,17.017208,3.871993,562748
1971-04-27,17.017208,17.136711,16.993307,17.112810,3.893747,395388
1971-04-28,17.148663,17.268164,17.148663,17.268164,3.929097,552288
1971-04-29,17.268164,17.304014,17.256214,17.304014,3.937252,782408
1971-04-30,17.268164,17.268164,17.041109,17.100861,3.891029,399572
1971-05-03,16.969406,16.969406,16.742352,16.885756,3.842086,658980
1971-05-04,16.885756,16.993307,16.861855,16.897705,3.844803,359824
1971-05-05,16.873804,16.873804,16.682600,16.873804,3.839365,767764
1971-05-06,16.873804,16.957457,16.814054,16.814054,3.825768,533460
1971-05-07,16.706501,16.706501,16.515297,16.586998,3.788110,861904
1971-05-10,16.586998,16.586998,16.455545,16.479446,3.763543,740568
1971-05-11,16.479446,16.503345,16.359943,16.359943,3.736252,838892
1971-05-12,16.359943,16.467495,16.347992,16.371893,3.738984,627600
1971-05-13,16.371893,16.431644,16.192638,16.264339,3.714418,648520
1971-05-14,16.204590,16.204590,15.977533,16.037285,3.662562,721740
1971-05-17,16.037285,16.467495,15.834130,15.965583,3.646189,719648
1971-05-18,15.965583,16.228489,15.941683,16.156788,3.689858,483252
1971-05-19,16.156788,16.353968,16.156788,16.347992,3.733523,458148
1971-05-20,16.347992,16.718451,16.347992,16.634798,3.799023,705004
1971-05-21,16.610899,16.610899,16.419695,16.443596,3.755359,422584
1971-05-24,16.395794,16.395794,16.300192,16.300192,3.722607,313800
1971-05-25,16.252390,16.252390,16.073135,16.108988,3.678939,765672
1971-05-26,16.108988,16.240440,16.085087,16.120937,3.681669,562748
1971-05-27,16.120937,16.156788,15.965583,15.965583,3.646189,560656
1971-05-28,15.917782,15.917782,15.535373,15.630975,3.569773,1698704
1971-06-01,15.654876,15.846080,15.654876,15.714627,3.588877,761488
1971-06-02,15.714627,15.726577,15.571224,15.607075,3.564316,824248
1971-06-03,15.607075,15.666826,15.332218,15.356119,3.507002,2638012
1971-06-04,15.403920,15.726577,15.403920,15.499522,3.539752,933032
1971-06-07,15.475621,15.475621,15.152964,15.188815,3.468791,1052276
1971-06-08,15.188815,15.272467,14.878107,14.937859,3.411480,1221728
1971-06-09,14.937859,15.224665,14.722753,15.212715,3.474251,2548056
1971-06-10,15.236616,15.391969,15.236616,15.368069,3.509730,1232188
1971-06-11,15.463671,15.571224,15.463671,15.511472,3.542480,629692
1971-06-14,15.463671,15.463671,15.200765,15.230641,3.478345,953952
1971-06-15,15.230641,15.415870,15.188815,15.368069,3.509730,738476
1971-06-16,15.368069,15.535373,15.344168,15.463671,3.531563,560656
1971-06-17,15.463671,15.475621,15.344168,15.344168,3.504275,541828
1971-06-18,15.302342,15.302342,15.057361,15.081262,3.444230,1196624
1971-06-21,15.081262,15.141013,14.943834,15.009560,3.427854,1098300
1971-06-22,15.009560,15.176864,14.973709,15.045411,3.436041,907928
1971-06-23,15.045411,15.117113,15.021511,15.069312,3.441500,719648
1971-06-24,15.069312,15.093212,14.937859,14.961759,3.416937,763580
1971-06-25,14.913958,14.913958,14.818356,14.878107,3.397836,788684
1971-06-28,14.878107,14.937859,14.842256,14.902008,3.403294,525092
1971-06-29,14.907983,15.021511,14.907983,15.009560,3.427854,792868
1971-06-30,15.081262,15.176864,15.081262,15.152964,3.460607,711280
1971-07-01,15.152964,15.224665,15.141013,15.188815,3.468791,495804
1971-07-02,15.188815,15.260516,15.141013,15.248566,3.482440,489528
1971-07-06,15.176864,15.176864,15.057361,15.129063,3.455146,506264
1971-07-07,15.129063,15.164914,14.818356,14.890057,3.400562,612956
1971-07-08,14.890057,14.985660,14.854207,14.878107,3.397836,949768
1971-07-09,14.878107,15.129063,14.878107,15.105163,3.449688,778224
1971-07-12,15.105163,15.105163,15.033461,15.057361,3.438771,658980
1971-07-13,15.033461,15.033461,14.400096,14.435946,3.296853,2608724
1971-07-14,14.388145,14.388145,14.101338,14.340344,3.275023,4102412
1971-07-15,14.340344,14.435946,14.220841,14.244742,3.253189,1464400
1971-07-16,14.244742,14.412046,14.029637,14.077438,3.214980,1845144
1971-07-19,14.077438,14.184990,14.005736,14.173040,3.236811,1125496
1971-07-20,14.268642,14.429971,14.268642,14.292543,3.264104,1002068
1971-07-21,14.316444,14.423996,14.316444,14.423996,3.294126,696636
1971-07-22,14.423996,14.423996,14.268642,14.316444,3.269561,665256
1971-07-23,14.316444,14.316444,14.184990,14.244742,3.253189,612956
1971-07-26,14.244742,14.316444,14.149140,14.184990,3.239541,684084
1971-07-27,14.149140,14.149140,13.922084,13.993786,3.195876,698728
1971-07-28,13.993786,14.388145,13.969885,14.316444,3.269561,1604564
1971-07-29,14.316444,14.334369,14.029637,14.184990,3.239541,876548
1971-07-30,14.184990,14.232792,13.874283,13.922084,3.179500,976964
1971-08-02,13.993786,14.149140,13.993786,14.041587,3.206789,650612
1971-08-03,14.041587,14.089388,13.814532,13.862333,3.165852,1022988
1971-08-04,13.862333,13.993786,13.647228,13.718929,3.133102,1177796
1971-08-05,13.718929,13.802581,13.647228,13.718929,3.133102,851444
1971-08-06,13.718929,13.754780,13.623327,13.647228,3.130909,583668
1971-08-09,13.647228,13.659178,13.551625,13.575526,3.114460,573208
1971-08-10,13.575526,13.718929,13.539675,13.671128,3.136393,491620
1971-08-11,13.695029,13.934034,13.695029,13.922084,3.193966,794960
1971-08-12,14.053537,14.220841,14.053537,14.184990,3.254281,897468
1971-08-13,14.173040,14.173040,14.053537,14.101338,3.235093,407940
1971-08-16,14.985660,15.296367,14.985660,15.009560,3.443451,2152668
1971-08-17,15.009560,15.200765,15.009560,15.093212,3.462641,1759372
1971-08-18,15.057361,15.057361,14.794455,14.830306,3.402327,1177796
1971-08-19,14.818356,14.818356,14.651052,14.674952,3.366688,872364
1971-08-20,14.674952,14.818356,14.603250,14.770554,3.388621,449780
1971-08-23,14.878107,15.045411,14.878107,15.045411,3.451678,606680
1971-08-24,15.057361,15.242591,15.057361,15.212715,3.490058,709188
1971-08-25,15.212715,15.218690,14.973709,15.045411,3.451678,527184
1971-08-26,15.045411,15.057361,14.830306,15.009560,3.443451,435136
1971-08-27,15.009560,15.176864,14.985660,15.081262,3.459903,470700
1971-08-30,15.081262,15.141013,14.818356,14.824331,3.400957,479068
1971-08-31,14.698853,14.698853,14.412046,14.531549,3.333790,725924
1971-09-01,14.531549,14.615201,14.388145,14.412046,3.306371,681992
1971-09-02,14.412046,14.423996,14.292543,14.316444,3.284437,606680
1971-09-03,14.328394,14.722753,14.328394,14.710803,3.374913,702912
1971-09-07,14.818356,14.961759,14.818356,14.818356,3.399586,788684
1971-09-08,14.818356,14.902008,14.782505,14.842256,3.405070,439320
1971-09-09,14.842256,14.854207,14.639101,14.645076,3.359835,520908
1971-09-10,14.615201,14.615201,14.459847,14.591300,3.347497,393296
1971-09-13,14.531549,14.531549,14.340344,14.340344,3.289923,604588
1971-09-14,14.340344,14.352294,14.292543,14.328394,3.287179,531368
1971-09-15,14.328394,14.519598,14.328394,14.483748,3.322820,437228
1971-09-16,14.459847,14.459847,14.328394,14.388145,3.300887,970688
1971-09-17,14.388145,14.471797,14.340344,14.376195,3.298147,744752
1971-09-20,14.447897,14.555449,14.447897,14.531549,3.333790,663164
1971-09-21,14.531549,14.651052,14.495698,14.603250,3.350238,535552
1971-09-22,14.627151,14.758604,14.627151,14.710803,3.374913,893284
1971-09-23,14.710803,14.758604,14.579350,14.579350,3.344756,742660
1971-09-24,14.579350,14.794455,14.555449,14.567400,3.342014,799144
1971-09-27,14.555449,14.555449,14.388145,14.525574,3.332418,721740
1971-09-28,14.525574,14.651052,14.507648,14.543499,3.336530,587852
1971-09-29,14.543499,14.543499,14.447897,14.471797,3.320081,466516
1971-09-30,14.471797,14.636114,14.459847,14.519598,3.331046,581576
1971-10-01,14.543499,14.627151,14.543499,14.627151,3.355721,705004
1971-10-04,14.627151,14.722753,14.627151,14.651052,3.361203,661072
1971-10-05,14.651052,14.710803,14.591300,14.710803,3.374913,903744
1971-10-06,14.710803,14.770554,14.615201,14.770554,3.388621,1037632
1971-10-07,14.770554,14.937859,14.722753,14.746654,3.383138,1173612
1971-10-08,14.746654,14.782505,14.531549,14.567400,3.342014,840984
1971-10-11,14.567400,14.627151,14.507648,14.615201,3.352978,299156
1971-10-12,14.615201,15.069312,14.579350,15.063337,3.455791,1525068
1971-10-13,14.991635,14.991635,14.746654,14.782505,3.391361,843076
1971-10-14,14.782505,14.794455,14.674952,14.710803,3.374913,525092
1971-10-15,14.710803,14.782505,14.663002,14.758604,3.385878,481160
1971-10-18,14.758604,14.782505,14.591300,14.770554,3.388621,608772
1971-10-19,14.639101,14.782505,14.591300,14.770554,3.388621,608772
1971-10-20,14.746654,14.746654,14.579350,14.579350,3.344756,748936
1971-10-21,14.579350,14.615201,14.388145,14.531549,3.333790,669440
1971-10-22,14.531549,14.722753,14.388145,14.418021,3.307742,571116
1971-10-25,14.418021,14.495698,14.412046,14.435946,3.311857,336812
1971-10-26,14.435946,14.567400,14.292543,14.292543,3.278958,696636
1971-10-27,14.292543,14.364245,14.161090,14.196941,3.257023,679900
1971-10-28,14.196941,14.388145,14.137189,14.256692,3.270731,690360
1971-10-29,14.256692,14.388145,14.125239,14.364245,3.295407,847260
1971-11-01,14.340344,14.340344,13.898184,13.975860,3.206302,504172
1971-11-02,13.975860,14.137189,13.862333,14.125239,3.240573,828432
1971-11-03,14.220841,14.507648,14.220841,14.483748,3.322820,916296
1971-11-04,14.483748,14.651052,14.352294,14.352294,3.292664,1022988
1971-11-05,14.340344,14.340344,14.173040,14.340344,3.304229,604588
1971-11-08,14.340344,14.340344,14.220841,14.304493,3.295968,343088
1971-11-09,14.304493,14.435946,14.292543,14.292543,3.293215,468608
1971-11-10,14.292543,14.328394,14.184990,14.208891,3.273939,435136
1971-11-11,14.149140,14.149140,13.778681,13.969885,3.218871,1188256
1971-11-12,13.969885,14.173040,13.790631,14.065488,3.240898,728016
1971-11-15,14.065488,14.101338,14.035612,14.065488,3.240898,433044
1971-11-16,14.065488,14.435946,14.041587,14.435946,3.326257,933032
1971-11-17,14.423996,14.423996,14.256692,14.388145,3.315241,941400
1971-11-18,14.388145,14.388145,14.053537,14.089388,3.246404,583668
1971-11-19,14.089388,14.137189,14.029637,14.029637,3.232637,368192
1971-11-22,14.029637,14.113289,13.945985,13.945985,3.213364,451872
1971-11-23,13.945985,14.017686,13.862333,13.886233,3.199594,633876
1971-11-24,13.886233,14.053537,13.874283,13.945985,3.213364,474884
1971-11-26,13.945985,14.280593,13.934034,14.280593,3.290462,338904
1971-11-29,14.304493,14.459847,14.304493,14.447897,3.329012,1027172
1971-11-30,14.447897,14.603250,14.352294,14.603250,3.364807,742660
1971-12-01,14.651052,14.818356,14.651052,14.806405,3.411616,1322144
1971-12-02,14.806405,14.913958,14.734704,14.794455,3.408865,903744
1971-12-03,14.794455,15.368069,14.794455,15.344168,3.535526,1426744
1971-12-06,15.332218,15.332218,14.973709,14.973709,3.450163,1020896
1971-12-07,14.973709,15.164914,14.866157,15.152964,3.491470,751028
1971-12-08,15.152964,15.164914,14.985660,14.985660,3.452919,696636
1971-12-09,14.985660,15.224665,14.913958,15.176864,3.496977,529276
1971-12-10,15.188815,15.523423,15.188815,15.511472,3.574075,1198716
1971-12-13,15.511472,15.678776,15.499522,15.499522,3.571321,851444
1971-12-14,15.499522,15.547323,15.296367,15.296367,3.524512,633876
1971-12-15,15.296367,15.678776,15.224665,15.636950,3.602989,721740
1971-12-16,15.977533,16.240440,15.977533,16.204590,3.733781,1481136
1971-12-17,16.204590,16.240440,15.977533,16.204590,3.733781,924664
1971-12-20,16.300192,16.658701,16.300192,16.324093,3.761316,1502056
1971-12-21,16.324093,16.586998,16.156788,16.539198,3.810875,855628
1971-12-22,16.491396,16.491396,16.312141,16.312141,3.758559,556472
1971-12-23,16.240440,16.240440,16.013384,16.061186,3.700736,755212
1971-12-27,16.061186,16.085087,15.941683,15.941683,3.673202,458148
1971-12-28,15.941683,16.240440,15.798279,16.216539,3.736529,602496
1971-12-29,16.216539,16.252390,16.097036,16.108988,3.711752,372376
1971-12-30,16.108988,16.120937,16.013384,16.013384,3.689724,271960
1971-12-31,16.013384,16.156788,15.965583,16.085087,3.706242,401664
1972-01-03,16.085087,16.180689,15.917782,15.917782,3.667693,569024
1972-01-04,15.917782,16.252390,15.858031,16.252390,3.744793,579484
1972-01-05,16.252390,16.419695,16.216539,16.300192,3.755806,514632
1972-01-06,16.300192,16.324093,16.192638,16.300192,3.755806,604588
1972-01-07,16.300192,16.383842,16.085087,16.192638,3.731024,566932
1972-01-10,16.192638,16.240440,16.097036,16.156788,3.722766,483252
1972-01-11,16.168737,16.312141,16.168737,16.300192,3.755806,569024
1972-01-12,16.347992,16.610899,16.347992,16.359943,3.769574,991608
1972-01-13,16.312141,16.312141,16.204590,16.300192,3.755806,939308
1972-01-14,16.371893,16.730402,16.371893,16.730402,3.854936,1474860
1972-01-17,16.730402,16.766253,16.586998,16.706501,3.849427,972780
1972-01-18,16.706501,16.897705,16.706501,16.706501,3.849427,709188
1972-01-19,16.706501,16.981358,16.694551,16.885756,3.890730,640152
1972-01-20,17.208412,17.447418,17.208412,17.375717,4.003625,2340948
1972-01-21,17.375717,17.686424,17.363768,17.602772,4.055940,2468560
1972-01-24,17.495220,17.495220,17.232313,17.232313,3.970581,786592
1972-01-25,17.232313,17.686424,17.065010,17.495220,4.031158,1426744
1972-01-26,17.495220,17.686424,17.411568,17.626673,4.061445,889100
1972-01-27,17.626673,17.650574,17.543020,17.602772,4.055940,499988
1972-01-28,17.602772,17.782026,17.566921,17.602772,4.055940,1269844
1972-01-31,17.602772,17.680449,17.531071,17.590822,4.053187,577392
1972-02-01,17.590822,17.638622,17.447418,17.638622,4.064198,424676
1972-02-02,17.638622,17.919455,17.614723,17.853727,4.113766,801236
1972-02-03,17.853727,17.925430,17.698376,17.841778,4.125926,989516
1972-02-04,17.793978,17.793978,17.650574,17.674475,4.087236,460240
1972-02-07,17.674475,17.734226,17.566921,17.614723,4.073417,493712
1972-02-08,17.638622,17.793978,17.638622,17.793978,4.114869,384928
1972-02-09,17.793978,17.925430,17.782026,17.865679,4.131452,725924
1972-02-10,17.865679,17.913481,17.710325,17.782026,4.112109,460240
1972-02-11,17.782026,17.913481,17.710325,17.865679,4.131452,424676
1972-02-14,17.817879,17.817879,17.602772,17.638622,4.078941,610864
1972-02-15,17.638622,17.698376,17.578873,17.674475,4.087236,338904
1972-02-16,17.674475,17.686424,17.638622,17.656549,4.083090,418400
1972-02-17,17.656549,17.782026,17.519119,17.578873,4.065127,562748
1972-02-18,17.578873,17.626673,17.423517,17.626673,4.076180,401664
1972-02-22,17.626673,17.853727,17.614723,17.614723,4.073417,527184
1972-02-23,17.614723,17.770077,17.590822,17.638622,4.078941,376560
1972-02-24,17.638622,17.734226,17.435469,17.435469,4.031965,520908
1972-02-25,17.471319,17.829828,17.471319,17.805927,4.117631,539736
1972-02-28,17.770077,17.770077,17.447418,17.543020,4.056836,389112
1972-02-29,17.543020,17.722275,17.495220,17.614723,4.073417,610864
1972-03-01,17.662523,17.865679,17.662523,17.805927,4.117631,512540
1972-03-02,17.889580,18.188337,17.889580,17.985182,4.159087,1564816
1972-03-03,17.985182,18.104685,17.901529,18.044933,4.172904,468608
1972-03-06,18.044933,18.248089,17.997131,18.164436,4.200539,711280
1972-03-07,18.164436,18.343691,18.140535,18.343691,4.241992,698728
1972-03-08,18.343691,18.379541,18.260038,18.260038,4.222649,554380
1972-03-09,18.260038,18.403442,18.176386,18.307838,4.233705,602496
1972-03-10,18.260038,18.260038,18.044933,18.080784,4.181194,435136
1972-03-13,18.056883,18.056883,17.782026,17.841778,4.125926,493712
1972-03-14,17.841778,17.877628,17.758125,17.758125,4.106577,548104
1972-03-15,17.782026,17.901529,17.782026,17.829828,4.123162,466516
1972-03-16,17.829828,17.877628,17.495220,17.829828,4.123162,780316
1972-03-17,17.829828,18.021032,17.746176,18.021032,4.167377,604588
1972-03-20,18.021032,18.212236,18.009083,18.015057,4.165997,621324
1972-03-21,18.015057,18.116634,17.829828,17.997131,4.161849,763580
1972-03-22,18.021032,18.200287,18.021032,18.056883,4.175665,765672
1972-03-23,18.116634,18.283939,18.116634,18.271990,4.225411,604588
1972-03-24,18.271990,18.355640,18.224188,18.295889,4.230938,612956
1972-03-27,18.295889,18.403442,18.212236,18.403442,4.255811,828432
1972-03-28,18.403442,18.451242,18.343691,18.397467,4.254428,702912
1972-03-29,18.337715,18.337715,18.164436,18.164436,4.200539,483252
1972-03-30,18.164436,18.331739,18.104685,18.271990,4.225411,364008
1972-04-03,18.271990,18.534895,18.260038,18.427341,4.261334,679900
1972-04-04,18.427341,18.618547,18.331739,18.594646,4.300026,692452
1972-04-05,18.594646,18.821701,18.594646,18.738050,4.333185,887008
1972-04-06,18.738050,18.809752,18.690248,18.690248,4.322135,552288
1972-04-07,18.690248,18.690248,18.570745,18.606598,4.302787,382836
1972-04-10,18.642447,18.821701,18.642447,18.666348,4.316606,569024
1972-04-11,18.666348,18.809752,18.618547,18.666348,4.316606,387020
1972-04-12,18.726099,19.108509,18.726099,19.000956,4.393986,1504148
1972-04-13,19.000956,19.024857,18.833652,18.845602,4.358061,445596
1972-04-14,18.845602,19.024857,18.821701,18.881453,4.366350,338904
1972-04-17,18.881453,18.881453,18.785851,18.881453,4.366350,577392
1972-04-18,18.893402,19.096558,18.893402,18.917303,4.374641,661072
1972-04-19,18.917303,18.965105,18.666348,18.690248,4.322135,537644
1972-04-20,18.678299,18.678299,18.522945,18.534895,4.286210,604588
1972-04-21,18.534895,18.606598,18.331739,18.403442,4.255811,824248
1972-04-24,18.403442,18.427341,18.319790,18.403442,4.255811,368192
1972-04-25,18.331739,18.331739,18.212236,18.236137,4.217123,414216
1972-04-26,18.236137,18.403442,18.128586,18.164436,4.200539,681992
1972-04-27,18.212236,18.379541,18.212236,18.212236,4.211596,351456
1972-04-28,18.224188,18.499044,18.224188,18.451242,4.266862,364008
1972-05-01,18.451242,18.463194,18.260038,18.283939,4.228175,332628
1972-05-02,18.283939,18.451242,18.164436,18.164436,4.200539,514632
1972-05-03,18.164436,18.343691,18.104685,18.116634,4.189487,518816
1972-05-04,18.116634,18.403442,18.009083,18.379541,4.265475,533460
1972-05-05,18.379541,18.630497,18.295889,18.582697,4.312624,569024
1972-05-08,18.499044,18.499044,18.331739,18.463194,4.284889,497896
1972-05-09,18.439293,18.439293,18.128586,18.128586,4.207234,1043908
1972-05-10,18.128586,18.451242,18.116634,18.343691,4.257157,420492
1972-05-11,18.343691,18.475143,18.307838,18.331739,4.254384,615048
1972-05-12,18.331739,18.475143,18.194311,18.260038,4.237743,543920
1972-05-15,18.379541,18.487095,18.379541,18.475143,4.287663,485344
1972-05-16,18.475143,18.499044,18.331739,18.343691,4.257157,403756
1972-05-17,18.343691,18.618547,18.331739,18.618547,4.320945,604588
1972-05-18,18.642447,18.881453,18.642447,18.857553,4.376412,872364
1972-05-19,18.857553,19.024857,18.857553,18.941204,4.395826,589944
1972-05-22,19.048758,19.192162,19.048758,19.168261,4.448520,1150600
1972-05-23,19.168261,19.239962,19.012905,19.216061,4.459616,859812
1972-05-24,19.216061,19.347513,19.144360,19.263863,4.470710,805420
1972-05-25,19.263863,19.311663,19.180210,19.311663,4.481802,692452
1972-05-26,19.311663,19.407267,19.228010,19.311663,4.481802,707096
1972-05-30,19.275812,19.275812,18.857553,18.905354,4.387506,529276
1972-05-31,18.929255,19.072659,18.929255,19.012905,4.412465,631784
1972-06-01,19.072659,19.168261,19.072659,19.072659,4.426332,499988
1972-06-02,19.072659,19.168261,19.006931,19.048758,4.420786,537644
1972-06-05,19.000956,19.000956,18.845602,18.857553,4.376412,374468
1972-06-06,18.857553,18.953156,18.714149,18.785851,4.359772,518816
1972-06-07,18.785851,18.905354,18.702200,18.893402,4.384731,453964
1972-06-08,18.893402,18.977055,18.773901,18.773901,4.356997,483252
1972-06-09,18.773901,18.863527,18.690248,18.690248,4.337587,389112
1972-06-12,18.690248,18.797800,18.522945,18.534895,4.301529,470700
1972-06-13,18.534895,18.785851,18.499044,18.773901,4.356997,508356
1972-06-14,18.881453,19.108509,18.881453,19.108509,4.434654,738476
1972-06-15,19.108509,19.156309,18.941204,19.000956,4.409692,554380
1972-06-16,19.000956,19.096558,18.929255,19.060707,4.423562,315892
1972-06-19,19.060707,19.060707,18.905354,18.953156,4.398601,207108
1972-06-20,18.953156,19.024857,18.893402,18.977055,4.404147,324260
1972-06-21,18.977055,19.156309,18.953156,19.000956,4.409692,506264
1972-06-22,18.929255,18.929255,18.738050,18.917303,4.390278,476976
1972-06-23,18.917303,18.989006,18.869503,18.881453,4.381957,458148
1972-06-26,18.809752,18.809752,18.690248,18.750000,4.351452,451872
1972-06-27,18.750000,18.881453,18.666348,18.750000,4.351452,349364
1972-06-28,18.750000,18.845602,18.672323,18.672323,4.333428,399572
1972-06-29,18.672323,18.738050,18.558796,18.714149,4.343133,470700
1972-06-30,18.738050,18.845602,18.738050,18.738050,4.348675,271960
1972-07-03,18.785851,18.893402,18.785851,18.887428,4.383345,217568
1972-07-05,18.953156,19.204111,18.953156,19.120459,4.437428,583668
1972-07-06,19.263863,19.365440,19.263863,19.299713,4.479029,782408
1972-07-07,19.299713,19.383366,19.287764,19.311663,4.481802,512540
1972-07-10,19.311663,19.311663,19.072659,19.072659,4.426332,464424
1972-07-11,19.072659,19.096558,18.953156,18.977055,4.404147,320076
1972-07-12,18.977055,19.060707,18.893402,18.917303,4.390278,451872
1972-07-13,18.917303,18.977055,18.726099,18.726099,4.345905,598312
1972-07-14,18.726099,19.168261,18.714149,18.797800,4.362543,774040
1972-07-17,18.797800,18.917303,18.522945,18.546844,4.304305,539736
1972-07-18,18.546844,18.582697,18.331739,18.570745,4.309852,939308
1972-07-19,18.642447,18.833652,18.642447,18.642447,4.326491,803328
1972-07-20,18.642447,18.714149,18.618547,18.678299,4.334811,485344
1972-07-21,18.678299,18.953156,18.606598,18.953156,4.398601,525092
1972-07-24,19.024857,19.168261,19.024857,19.060707,4.423562,794960
1972-07-25,19.060707,19.144360,19.024857,19.024857,4.415240,702912
1972-07-26,19.024857,19.030832,18.785851,18.857553,4.376412,1129680
1972-07-27,18.857553,19.024857,18.857553,18.977055,4.404147,437228
1972-07-28,18.977055,19.108509,18.941204,19.024857,4.415240,407940
1972-07-31,19.036806,19.156309,19.036806,19.156309,4.445748,449780
1972-08-01,19.216061,19.598471,19.216061,19.598471,4.548363,1282396
1972-08-02,19.598471,19.670172,19.526770,19.550669,4.537270,882824
1972-08-03,19.550669,19.909178,19.502869,19.849426,4.621859,1529252
1972-08-04,19.849426,19.933079,19.717974,19.885277,4.630206,677808
1972-08-07,19.885277,20.088432,19.849426,19.968929,4.649687,1046000
1972-08-08,19.968929,20.028681,19.861378,19.992830,4.655252,629692
1972-08-09,19.992830,20.243786,19.980881,20.243786,4.713685,713372
1972-08-10,20.243786,20.315489,20.136232,20.243786,4.713685,951860
1972-08-11,20.243786,20.339388,20.184034,20.339388,4.735946,778224
1972-08-14,20.339388,20.399139,20.303537,20.303537,4.727599,688268
1972-08-15,20.207935,20.207935,20.028681,20.088432,4.677508,711280
1972-08-16,20.088432,20.148184,19.885277,19.885277,4.630206,372376
1972-08-17,19.885277,19.945028,19.753824,19.753824,4.599599,546012
1972-08-18,19.753824,19.909178,19.670172,19.670172,4.580121,520908
1972-08-21,19.670172,19.777725,19.514818,19.622372,4.568988,428860
1972-08-22,19.646273,19.813576,19.646273,19.729923,4.594034,516724
1972-08-23,19.729923,19.789675,19.670172,19.741875,4.596817,307524
1972-08-24,19.741875,19.765774,19.461042,19.467016,4.532816,355640
1972-08-25,19.467016,19.502869,19.383366,19.407267,4.518905,592036
1972-08-28,19.407267,19.478968,19.323614,19.323614,4.499427,416308
1972-08-29,19.323614,19.550669,19.263863,19.538719,4.549514,761488
1972-08-30,19.538719,19.574570,19.455067,19.502869,4.541165,359824
1972-08-31,19.502869,19.562620,19.407267,19.526770,4.546728,462332
1972-09-01,19.526770,19.586519,19.371414,19.419216,4.521688,401664
1972-09-05,19.419216,19.443117,19.335564,19.347513,4.504991,357732
1972-09-06,19.347513,19.383366,19.168261,19.180210,4.466036,368192
1972-09-07,19.180210,19.263863,19.060707,19.096558,4.446559,474884
1972-09-08,19.096558,19.144360,19.060707,19.060707,4.438211,389112
1972-09-11,19.012905,19.012905,18.809752,18.953156,4.413167,449780
1972-09-12,18.953156,19.048758,18.797800,18.881453,4.396469,598312
1972-09-13,18.881453,19.024857,18.797800,19.024857,4.429862,571116
1972-09-14,19.024857,19.144360,18.989006,19.096558,4.446559,389112
1972-09-15,19.096558,19.132408,19.012905,19.012905,4.427078,405848
1972-09-18,18.977055,18.977055,18.833652,18.941204,4.410383,359824
1972-09-19,18.977055,19.084608,18.977055,18.977055,4.418732,401664
1972-09-20,18.977055,19.162285,18.977055,19.144360,4.457688,389112
1972-09-21,19.144360,19.168261,19.048758,19.096558,4.446559,412124
1972-09-22,19.096558,19.108509,18.953156,19.036806,4.432644,487436
1972-09-25,19.036806,19.072659,18.989006,19.036806,4.432644,389112
1972-09-26,19.036806,19.192162,19.024857,19.030832,4.431252,592036
1972-09-27,19.036806,19.455067,19.036806,19.455067,4.530036,830524
1972-09-28,19.395315,19.395315,19.192162,19.323614,4.499427,813788
1972-09-29,19.323614,19.443117,19.287764,19.431166,4.524468,700820
1972-10-02,19.431166,19.443117,19.287764,19.371414,4.510555,506264
1972-10-03,19.371414,19.478968,19.371414,19.443117,4.527253,470700
1972-10-04,19.443117,19.496893,19.275812,19.275812,4.488294,470700
1972-10-05,19.275812,19.287764,18.881453,18.881453,4.396469,774040
1972-10-06,18.881453,19.299713,18.821701,19.192162,4.468819,771948
1972-10-09,19.192162,19.281788,19.120459,19.132408,4.454904,230120
1972-10-10,19.132408,19.263863,18.738050,18.833652,4.385342,1158968
1972-10-11,18.833652,18.845602,18.355640,18.678299,4.349166,2140116
1972-10-12,18.570745,18.570745,18.379541,18.379541,4.279601,1098300
1972-10-13,18.331739,18.331739,18.032984,18.116634,4.218386,1506240
1972-10-16,18.116634,18.164436,17.315966,17.423517,4.056996,1991584
1972-10-17,17.423517,17.782026,17.280115,17.698376,4.120996,2748888
1972-10-18,17.901529,18.152487,17.901529,18.116634,4.218386,1688244
1972-10-19,18.116634,18.128586,17.949331,18.092733,4.212821,849352
1972-10-20,18.092733,18.499044,18.068834,18.499044,4.307431,834708
1972-10-23,18.594646,18.761950,18.594646,18.666348,4.346383,577392
1972-10-24,18.666348,18.666348,18.427341,18.606598,4.332470,575300
1972-10-25,18.582697,18.582697,18.307838,18.331739,4.268473,336812
1972-10-26,18.331739,18.331739,18.021032,18.044933,4.201693,847260
1972-10-27,18.080784,18.200287,18.080784,18.104685,4.215603,508356
1972-10-30,18.104685,18.212236,18.068834,18.152487,4.226735,290788
1972-10-31,18.212236,18.427341,18.212236,18.427341,4.290731,523000
1972-11-01,18.451242,18.630497,18.451242,18.618547,4.335254,778224
1972-11-02,18.618547,18.690248,18.558796,18.690248,4.351949,575300
1972-11-03,18.684273,18.684273,18.499044,18.540871,4.317169,535552
1972-11-06,18.540871,18.570745,17.997131,18.212236,4.240644,1071104
1972-11-08,18.212236,18.307838,17.841778,17.997131,4.205462,1209176
1972-11-09,17.985182,17.985182,17.734226,17.758125,4.149608,857720
1972-11-10,17.758125,17.913481,17.746176,17.793978,4.157987,872364
1972-11-13,17.841778,18.021032,17.841778,18.009083,4.208257,736384
1972-11-14,18.104685,18.546844,18.104685,18.546844,4.333914,1043908
1972-11-15,18.546844,18.642447,18.367592,18.367592,4.292028,594128
1972-11-16,18.367592,18.427341,18.295889,18.403442,4.300405,518816
1972-11-17,18.403442,18.415392,18.188337,18.355640,4.289237,420492
1972-11-20,18.355640,18.427341,18.295889,18.403442,4.300405,382836
1972-11-21,18.415392,18.546844,18.415392,18.510994,4.325537,681992
1972-11-22,18.510994,18.857553,18.499044,18.833652,4.400937,945584
1972-11-24,18.833652,18.845602,18.570745,18.594646,4.345088,502080
1972-11-27,18.510994,18.510994,18.355640,18.427341,4.305988,418400
1972-11-28,18.427341,18.463194,18.236137,18.271990,4.269688,416308
1972-11-29,18.271990,18.499044,18.164436,18.499044,4.322747,564840
1972-11-30,18.499044,18.702200,18.499044,18.690248,4.367425,460240
1972-12-01,18.690248,19.168261,18.690248,19.024857,4.445614,1175704
1972-12-04,19.084608,19.156309,19.084608,19.144360,4.473539,1138048
1972-12-05,19.120459,19.120459,19.012905,19.024857,4.445614,604588
1972-12-06,19.024857,19.072659,18.929255,18.977055,4.434444,669440
1972-12-07,18.977055,19.000956,18.929255,18.965105,4.431652,527184
1972-12-08,18.989006,19.335564,18.989006,19.263863,4.501464,976964
1972-12-11,19.263863,19.359465,19.216061,19.323614,4.515425,644336
1972-12-12,19.299713,19.299713,19.048758,19.072659,4.456780,638060
1972-12-13,19.072659,19.072659,18.941204,18.941204,4.426067,435136
1972-12-14,18.941204,18.977055,18.857553,18.905354,4.417688,441412
1972-12-15,18.929255,19.168261,18.929255,19.030832,4.447010,596220
1972-12-18,19.000956,19.000956,18.761950,18.857553,4.406520,834708
1972-12-19,18.821701,18.821701,18.642447,18.642447,4.356256,786592
1972-12-20,18.642447,18.773901,18.451242,18.618547,4.350672,648520
1972-12-21,18.618547,18.630497,18.427341,18.427341,4.305988,539736
1972-12-22,18.427341,18.666348,18.403442,18.666348,4.361838,376560
1972-12-26,18.714149,18.905354,18.714149,18.726099,4.375802,305432
1972-12-27,18.750000,19.072659,18.750000,19.072659,4.456780,581576
1972-12-29,19.072659,19.263863,19.072659,19.216061,4.490293,972780
1973-01-02,19.335564,19.574570,19.335564,19.550669,4.568484,759396
1973-01-03,19.562620,19.777725,19.562620,19.562620,4.571275,1140140
1973-01-04,19.562620,19.717974,19.407267,19.682121,4.599199,966504
1973-01-05,19.729923,20.052582,19.729923,20.016729,4.677389,1259384
1973-01-08,20.016729,20.076483,19.885277,20.016729,4.677389,684084
1973-01-09,20.016729,20.040630,19.849426,19.956980,4.663426,707096
1973-01-10,19.861378,19.861378,19.658222,19.670172,4.596406,518816
1973-01-11,19.694073,20.219885,19.694073,19.849426,4.638294,1108760
1973-01-12,19.945028,20.315489,19.945028,20.076483,4.691351,1039724
1973-01-15,20.207935,20.506693,20.207935,20.231836,4.727650,1437204
1973-01-16,20.231836,20.303537,20.112333,20.195986,4.719275,949768
1973-01-17,20.195986,20.279636,20.112333,20.267687,4.736030,437228
1973-01-18,20.411091,20.554493,20.411091,20.500717,4.790486,786592
1973-01-19,20.500717,20.984703,20.423040,20.984703,4.903581,1251016
1973-01-22,20.984703,20.984703,20.841299,20.841299,4.870069,721740
1973-01-23,20.841299,21.259560,20.733747,21.235661,4.962223,1146416
1973-01-24,21.235661,21.438814,20.769598,20.841299,4.870069,1361892
1973-01-26,20.841299,20.936901,20.662046,20.924952,4.889616,1156876
1973-01-29,20.924952,21.128107,20.745699,21.104206,4.931504,836800
1973-01-30,21.104206,21.271511,20.960802,20.984703,4.903581,930940
1973-01-31,20.924952,20.924952,20.769598,20.817400,4.864485,571116
1973-02-01,20.817400,20.936901,20.482792,20.506693,4.791880,728016
1973-02-02,20.506693,20.650097,20.411091,20.542543,4.800260,866088
1973-02-05,20.542543,20.650097,20.482792,20.554493,4.803053,366100
1973-02-06,20.602295,21.032505,20.602295,20.924952,4.889616,721740
1973-02-07,20.960802,21.128107,20.960802,20.960802,4.913710,776132
1973-02-08,20.960802,20.984703,20.626196,20.913002,4.902503,1081564
1973-02-09,20.924952,21.319311,20.924952,21.319311,4.997753,820064
1973-02-12,21.343212,21.510515,21.343212,21.438814,5.025769,717556
1973-02-13,21.558317,21.821224,21.558317,21.558317,5.053781,1322144
1973-02-14,21.546368,21.546368,21.295410,21.301386,4.993551,612956
1973-02-15,21.301386,21.379063,21.044455,21.104206,4.947326,832616
1973-02-16,21.104206,21.163958,20.996655,21.092257,4.944527,510448
1973-02-20,21.175907,21.367113,21.175907,21.367113,5.008958,558564
1973-02-21,21.367113,21.391012,21.080305,21.211760,4.972539,445596
1973-02-22,21.211760,21.271511,20.960802,21.223709,4.975340,658980
1973-02-23,21.152008,21.152008,20.650097,20.721798,4.857678,778224
1973-02-26,20.721798,20.721798,20.423040,20.602295,4.829670,1096208
1973-02-27,20.602295,20.650097,20.172085,20.219885,4.740020,995792
1973-02-28,20.219885,20.626196,20.004780,20.626196,4.835269,1196624
1973-03-01,20.626196,20.793499,20.387190,20.411091,4.784842,968596
1973-03-02,20.411091,21.223709,20.172085,21.128107,4.952928,1010436
1973-03-05,21.128107,21.134083,20.673996,20.972754,4.916511,1087840
1973-03-06,20.972754,21.307362,20.805449,20.901052,4.899699,893284
1973-03-07,20.960802,21.295410,20.960802,21.080305,4.941721,728016
1973-03-08,21.080305,21.187859,20.948853,21.056404,4.936120,571116
1973-03-09,21.056404,21.152008,20.936901,21.008604,4.924916,395388
1973-03-12,21.068356,21.223709,21.068356,21.152008,4.958529,397480
1973-03-13,21.152008,21.355164,21.128107,21.259560,4.983744,514632
1973-03-14,21.259560,21.486616,21.259560,21.450766,5.028566,612956
1973-03-15,21.450766,21.498566,21.223709,21.223709,4.975340,573208
1973-03-16,21.223709,21.438814,21.056404,21.199808,4.969737,646428
1973-03-19,21.169933,21.169933,20.913002,20.930927,4.906705,554380
1973-03-20,20.930927,21.032505,20.721798,20.924952,4.905306,606680
1973-03-21,20.924952,21.092257,20.566444,20.578394,4.824062,575300
1973-03-22,20.500717,20.500717,20.279636,20.339388,4.768040,1094116
1973-03-23,20.339388,20.506693,20.052582,20.458891,4.796046,1253108
1973-03-26,20.458891,20.793499,20.423040,20.673996,4.846471,723832
1973-03-27,20.673996,20.960802,20.650097,20.913002,4.902503,692452
1973-03-28,20.913002,20.924952,20.745699,20.769598,4.868890,508356
1973-03-29,20.769598,20.984703,20.745699,20.972754,4.916511,684084
1973-03-30,20.913002,20.913002,20.578394,20.626196,4.835269,596220
1973-04-02,20.626196,20.685946,20.411091,20.458891,4.796046,324260
1973-04-03,20.458891,20.494741,20.267687,20.279636,4.754028,939308
1973-04-04,20.279636,20.387190,20.076483,20.219885,4.740020,711280
1973-04-05,20.219885,20.267687,20.076483,20.213909,4.738623,790776
1973-04-06,20.231836,20.458891,20.231836,20.243786,4.745625,502080
1973-04-09,20.243786,20.530594,20.100382,20.530594,4.812855,485344
1973-04-10,20.542543,20.793499,20.542543,20.757648,4.866084,665256
1973-04-11,20.757648,20.853251,20.387190,20.566444,4.821262,763580
1973-04-12,20.566444,20.662046,20.494741,20.662046,4.843673,579484
1973-04-13,20.590343,20.590343,20.482792,20.542543,4.815662,359824
1973-04-16,20.542543,20.542543,20.315489,20.327438,4.765234,420492
1973-04-17,20.327438,20.351337,20.243786,20.315489,4.762429,435136
1973-04-18,20.315489,20.650097,20.279636,20.650097,4.840871,585760
1973-04-19,20.650097,20.673996,20.470840,20.506693,4.807254,654796
1973-04-23,20.470840,20.470840,20.291588,20.339388,4.768040,466516
1973-04-24,20.243786,20.243786,19.837477,19.849426,4.653175,956044
1973-04-25,19.586519,19.586519,19.419216,19.478968,4.566332,1470676
1973-04-26,19.478968,19.670172,19.383366,19.586519,4.591541,991608
1973-04-27,19.586519,19.646273,19.365440,19.371414,4.541120,838892
1973-04-30,19.371414,19.550669,19.180210,19.502869,4.571935,1131772
1973-05-01,19.670172,19.968929,19.670172,19.855402,4.654576,759396
1973-05-02,19.670172,19.968929,19.670172,19.855402,4.654576,759396
1973-05-03,19.855402,20.267687,19.610420,20.267687,4.751226,953952
1973-05-04,20.267687,20.327438,20.124283,20.160133,4.741670,602496
1973-05-07,20.028681,20.028681,19.897228,19.933079,4.688268,531368
1973-05-08,19.933079,20.172085,19.885277,20.172085,4.744480,468608
1973-05-09,20.172085,20.219885,19.789675,19.789675,4.654539,665256
1973-05-10,19.789675,19.861378,19.562620,19.622372,4.615188,569024
1973-05-11,19.574570,19.574570,19.383366,19.389339,4.560380,705004
1973-05-14,19.287764,19.287764,18.893402,18.935228,4.453575,1464400
1973-05-15,18.935228,19.216061,18.750000,19.120459,4.497139,1382812
1973-05-16,19.120459,19.216061,19.000956,19.120459,4.497139,872364
1973-05-17,19.120459,19.120459,18.965105,18.977055,4.463409,476976
1973-05-18,18.881453,18.881453,18.570745,18.594646,4.373468,1485320
1973-05-21,18.487095,18.487095,18.236137,18.487095,4.348167,1510424
1973-05-22,18.570745,18.821701,18.570745,18.642447,4.384711,1150600
1973-05-23,18.642447,18.953156,18.594646,18.630497,4.381898,997884
1973-05-24,18.642447,19.144360,18.642447,19.144360,4.502759,1343064
1973-05-25,19.144360,19.502869,19.000956,19.502869,4.587081,1317960
1973-05-29,19.628345,19.628345,19.329590,19.329590,4.546327,510448
1973-05-30,19.329590,19.359465,19.045771,19.060707,4.483087,651030
1973-05-31,19.060707,19.105520,18.761950,18.806765,4.423357,789939
1973-06-01,18.761950,18.761950,18.522945,18.522945,4.356602,728016
1973-06-04,18.522945,18.567759,18.351158,18.508007,4.353088,692870
1973-06-05,18.508007,18.941204,18.508007,18.941204,4.454978,744752
1973-06-06,18.941204,19.105520,18.709667,18.821701,4.426869,667766
1973-06-07,19.030832,19.867352,19.030832,19.239962,4.525246,679482
1973-06-08,19.239962,19.434155,19.180210,19.374401,4.556866,590781
1973-06-11,19.374401,19.538719,19.269836,19.299713,4.539299,540573
1973-06-12,19.314651,19.717974,19.314651,19.673161,4.627134,798307
1973-06-13,19.673161,19.927103,19.628345,19.688099,4.630647,948931
1973-06-14,19.628345,19.628345,19.120459,19.180210,4.511193,759814
1973-06-15,19.105520,19.105520,18.851578,19.015894,4.472544,610864
1973-06-18,18.941204,18.941204,18.694731,18.761950,4.412816,430115
1973-06-19,18.761950,19.000956,18.590164,19.000956,4.469030,761488
1973-06-20,19.000956,19.254900,18.986017,19.210087,4.518218,527184
1973-06-21,19.060707,19.060707,18.747011,18.851578,4.433894,441830
1973-06-22,18.851578,19.120459,18.836639,18.926268,4.451463,646010
1973-06-25,18.769419,18.769419,18.440786,18.448256,4.339034,620906
1973-06-26,18.448256,18.851578,18.283939,18.687262,4.395249,1134701
1973-06-27,18.687262,18.791826,18.493069,18.717136,4.402278,466934
1973-06-28,18.717136,19.105520,18.702200,19.105520,4.493624,604170
1973-06-29,19.090584,19.090584,18.866514,18.941204,4.454978,381581
1973-07-02,18.761950,18.761950,18.239124,18.239124,4.289847,579066
1973-07-03,18.164436,18.164436,17.626673,17.835802,4.194987,1765648
1973-07-05,17.835802,17.985182,17.716299,17.925430,4.216067,615885
1973-07-06,17.925430,18.044933,17.850740,17.940369,4.219579,492038
1973-07-09,17.940369,18.254063,17.880617,18.254063,4.293362,711280
1973-07-10,18.418381,18.761950,18.418381,18.761950,4.412816,1171520
1973-07-11,18.821701,19.120459,18.821701,19.120459,4.497139,1035958
1973-07-12,19.060707,19.060707,18.747011,18.747011,4.409305,731363
1973-07-13,18.747011,18.911329,18.522945,18.522945,4.356602,328026
1973-07-16,18.522945,19.060707,18.373566,19.060707,4.483087,741405
1973-07-17,19.060707,19.090584,18.470661,18.522945,4.356602,657725
1973-07-18,18.522945,18.881453,18.403442,18.776888,4.416333,843494
1973-07-19,18.776888,19.075645,18.672323,18.821701,4.426869,843494
1973-07-20,18.821701,19.030832,18.702200,18.821701,4.426869,515469
1973-07-23,18.821701,18.911329,18.552820,18.687262,4.395249,507101
1973-07-24,18.687262,18.732075,18.463194,18.627510,4.381193,701238
1973-07-25,18.761950,19.269836,18.761950,19.060707,4.483087,1367331
1973-07-26,19.060707,19.254900,18.866514,19.045771,4.479572,671114
1973-07-27,19.045771,19.165272,18.941204,19.000956,4.469030,600822
1973-07-30,19.000956,19.165272,18.896391,19.165272,4.507676,458566
1973-07-31,19.165272,19.329590,18.791826,18.791826,4.419843,699565
1973-08-01,18.791826,18.806765,18.582697,18.612572,4.377683,599149
1973-08-02,18.612572,18.761950,18.537882,18.702200,4.398766,533878
1973-08-03,18.642447,18.642447,18.537882,18.612572,4.377683,237651
1973-08-06,18.612572,18.687262,18.418381,18.582697,4.370658,523837
1973-08-07,18.567759,18.567759,18.403442,18.403442,4.328496,560656
1973-08-08,18.283939,18.283939,18.164436,18.164436,4.287871,622579
1973-08-09,18.164436,18.328753,18.119621,18.134560,4.280819,625926
1973-08-10,18.134560,18.254063,17.962774,18.000120,4.249084,558982
1973-08-13,18.000120,18.044933,17.955305,18.015057,4.252612,369866
1973-08-14,18.015057,18.134560,17.865679,17.910492,4.227927,801654
1973-08-15,17.910492,18.134560,17.835802,18.074808,4.266716,754794
1973-08-16,18.074808,18.209249,17.940369,17.955305,4.238506,388275
1973-08-17,17.955305,18.044933,17.880617,17.955305,4.238506,349782
1973-08-20,17.955305,18.000120,17.805927,17.910492,4.227927,341414
1973-08-21,17.910492,17.970243,17.790989,17.790989,4.199718,682829
1973-08-22,17.790989,17.925430,17.761114,17.790989,4.199718,478650
1973-08-23,17.805927,17.940369,17.805927,17.880617,4.220873,458566
1973-08-24,17.880617,17.910492,17.820866,17.820866,4.206769,564003
1973-08-27,17.820866,18.194311,17.820866,18.194311,4.294925,476976
1973-08-28,18.194311,18.313814,18.119621,18.164436,4.287871,763162
1973-08-29,18.164436,18.224188,18.074808,18.179375,4.291399,466934
1973-08-30,18.179375,18.179375,18.089746,18.119621,4.277294,468608
1973-08-31,18.104685,18.104685,17.865679,17.985182,4.245559,436810
1973-09-04,17.955305,17.955305,17.731237,17.738707,4.187379,714627
1973-09-05,17.738707,17.805927,17.656549,17.790989,4.199718,674461
1973-09-06,17.790989,17.850740,17.776052,17.820866,4.206769,525510
1973-09-07,17.820866,17.820866,17.686424,17.693893,4.176796,617558
1973-09-10,17.686424,17.686424,17.522108,17.522108,4.136245,584086
1973-09-11,17.417543,17.417543,17.044098,17.088909,4.033986,1194950
1973-09-12,17.103848,17.477295,17.103848,17.357792,4.097459,781571
1973-09-13,17.357792,17.566921,17.357792,17.462357,4.122143,532205
1973-09-14,17.462357,17.805927,17.357792,17.805927,4.203243,533878
1973-09-17,17.036629,17.036629,16.177702,16.252390,3.836520,2761440
1973-09-18,15.595124,15.595124,15.102175,15.505497,3.660207,4860134
1973-09-19,15.893881,16.177702,15.893881,16.177702,3.818887,2276096
1973-09-20,16.177702,16.237452,15.893881,16.058199,3.790677,1616698
1973-09-21,15.804254,15.804254,15.415870,15.535373,3.667259,1658538
1973-09-24,15.535373,15.580186,14.967734,15.027486,3.547369,1688662
1973-09-25,15.117113,15.595124,15.117113,15.505497,3.660207,1307082
1973-09-26,15.565249,15.983509,15.565249,15.565249,3.674313,1081146
1973-09-27,15.565249,15.804254,15.475621,15.535373,3.667259,860230
1973-09-28,15.535373,15.595124,15.356119,15.415870,3.639052,682829
1973-10-01,15.400932,15.400932,15.236616,15.400932,3.635524,659398
1973-10-02,15.385994,15.385994,15.146989,15.266491,3.603789,794960
1973-10-03,15.176864,15.176864,14.773542,14.848231,3.505055,2466886
1973-10-04,14.848231,15.027486,14.639101,15.027486,3.547369,1792426
1973-10-05,15.087237,15.654876,15.087237,15.505497,3.660207,1173194
1973-10-08,15.505497,15.744503,15.236616,15.639938,3.691942,833453
1973-10-09,15.639938,15.639938,15.639938,15.639938,3.691942,0
1973-10-10,16.162764,16.999283,16.162764,16.371893,3.864728,2455171
1973-10-11,16.581022,16.954470,16.581022,16.790154,3.963461,1385741
1973-10-12,16.790154,16.999283,16.790154,16.849903,3.977569,870272
1973-10-15,16.745338,16.745338,16.610899,16.685589,3.938778,662746
1973-10-16,16.685589,16.849903,16.491396,16.842436,3.975804,679482
1973-10-17,16.842436,17.029160,16.805092,16.924595,3.995197,846842
1973-10-18,16.924595,17.477295,16.924595,17.178537,4.055145,1051021
1973-10-19,17.268164,17.626673,17.268164,17.417543,4.111562,763162
1973-10-22,17.223351,17.223351,16.730402,16.730402,3.949358,697891
1973-10-23,16.730402,17.312979,16.446583,17.088909,4.033986,746426
1973-10-24,17.088909,17.253227,16.954470,17.178537,4.055145,411706
1973-10-25,17.178537,17.417543,17.059034,17.268164,4.076301,861904
1973-10-26,17.268164,17.432482,16.909657,17.059034,4.026934,1019222
1973-10-29,17.059034,17.253227,16.969406,17.029160,4.019880,664419
1973-10-30,17.014221,17.014221,16.640774,16.640774,3.928199,858557
1973-10-31,16.640774,16.834967,16.566086,16.745338,3.952882,773203
1973-11-01,16.745338,17.014221,16.640774,16.805092,3.966990,515469
1973-11-02,16.805092,17.029160,16.730402,16.745338,3.952882,610864
1973-11-05,16.670650,16.670650,16.431644,16.536209,3.903515,674461
1973-11-06,16.536209,16.775215,16.491396,16.491396,3.892936,555635
1973-11-07,16.491396,16.700525,16.461519,16.536209,3.903515,408358
1973-11-08,16.849903,17.073973,16.849903,16.864841,3.997270,969014
1973-11-09,16.849903,16.849903,16.625837,16.633305,3.942393,565677
1973-11-12,16.633305,17.014221,16.506334,16.984344,4.025594,743078
1973-11-13,17.148663,17.327915,17.148663,17.312979,4.103487,1047674
1973-11-14,17.312979,17.327915,16.954470,17.148663,4.064537,861904
1973-11-15,17.088909,17.088909,16.461519,16.730402,3.965405,1133027
1973-11-16,16.745338,17.223351,16.745338,16.999283,4.029133,871946
1973-11-19,16.999283,17.006752,16.439114,16.491396,3.908754,699565
1973-11-20,16.416706,16.416706,15.961102,16.252390,3.852108,1059389
1973-11-21,16.252390,16.595961,16.132887,16.536209,3.919376,887008
1973-11-23,16.506334,16.506334,16.252390,16.282267,3.859189,446851
1973-11-26,16.103010,16.103010,15.893881,15.893881,3.767134,820064
1973-11-27,15.893881,16.028322,15.744503,15.744503,3.731731,825085
1973-11-28,15.804254,16.177702,15.804254,16.088074,3.813163,696218
1973-11-29,16.088074,16.192638,15.849068,15.893881,3.767134,734710
1973-11-30,15.893881,16.013384,15.714627,15.834130,3.752970,545594
1973-12-03,15.819192,15.819192,15.266491,15.445746,3.660920,1051021
1973-12-04,15.445746,15.565249,15.251554,15.251554,3.614892,940563
1973-12-05,15.251554,15.400932,15.117113,15.132051,3.586568,910438
1973-12-06,15.132051,15.580186,15.124582,15.580186,3.692785,776550
1973-12-07,15.580186,15.953633,15.505497,15.834130,3.752970,892029
1973-12-10,15.834130,15.893881,15.595124,15.714627,3.724647,977382
1973-12-11,15.714627,15.744503,15.012548,15.027486,3.561783,1064410
1973-12-12,15.027486,15.117113,14.878107,14.975203,3.549389,912112
1973-12-13,14.975203,15.236616,14.967734,15.057361,3.568865,500406
1973-12-14,15.027486,15.027486,14.549474,14.698853,3.483891,1697030
1973-12-17,14.609226,14.609226,14.235779,14.340344,3.398920,751446
1973-12-18,14.340344,14.907983,14.265655,14.907983,3.533457,746426
1973-12-19,14.907983,15.176864,14.833293,14.982672,3.551162,793286
1973-12-20,14.982672,14.997610,14.489723,14.519598,3.441405,768182
1973-12-21,14.519598,14.579350,14.325406,14.370220,3.405999,697891
1973-12-24,14.280593,14.280593,14.049056,14.190966,3.363514,508774
1973-12-26,14.549474,14.848231,14.549474,14.848231,3.519296,716301
1973-12-27,15.027486,15.311305,15.027486,15.236616,3.611352,734710
1973-12-28,15.236616,15.236616,14.848231,14.893045,3.529919,508774
1973-12-31,14.893045,14.907983,14.639101,14.743666,3.494513,590781
1974-01-02,14.743666,14.758604,14.400096,14.504661,3.437866,846842
1974-01-03,14.504661,14.683915,14.265655,14.295531,3.388296,898723
1974-01-04,14.220841,14.220841,13.712954,13.787643,3.267917,1554774
1974-01-07,13.787643,13.787643,13.444073,13.578513,3.218353,1208339
1974-01-08,13.578513,13.787643,13.503824,13.623327,3.228973,940563
1974-01-09,13.623327,13.638265,13.459011,13.608389,3.225432,646010
1974-01-10,13.608389,14.041587,13.593451,13.683078,3.243136,853536
1974-01-11,13.862333,14.340344,13.862333,14.340344,3.398920,689523
1974-01-14,14.340344,14.683915,14.041587,14.161090,3.356432,920480
1974-01-15,14.161090,14.474785,14.131214,14.288062,3.386527,679482
1974-01-16,14.288062,14.609226,14.265655,14.564412,3.452025,711280
1974-01-17,14.773542,15.027486,14.773542,14.982672,3.551162,928848
1974-01-18,14.982672,14.997610,14.668977,14.698853,3.483891,828432
1974-01-21,14.639101,14.639101,14.235779,14.639101,3.469729,712954
1974-01-22,14.639101,14.922921,14.534536,14.922921,3.537001,518816
1974-01-23,14.922921,14.937859,14.803418,14.818356,3.512215,635968
1974-01-24,14.818356,14.833293,14.579350,14.728728,3.490973,420074
1974-01-25,14.728728,14.863169,14.639101,14.758604,3.498053,453546
1974-01-28,14.758604,14.818356,14.579350,14.601757,3.460878,510448
1974-01-29,14.594288,14.594288,14.370220,14.534536,3.444946,528858
1974-01-30,14.654039,14.848231,14.654039,14.713791,3.487433,584086
1974-01-31,14.713791,14.922921,14.646570,14.654039,3.473269,590781
1974-02-01,14.609226,14.609226,14.355282,14.415033,3.416620,513795
1974-02-04,14.385158,14.385158,14.161090,14.161090,3.356432,520490
1974-02-05,14.161090,14.310468,14.056525,14.146152,3.352894,440157
1974-02-06,14.146152,14.250717,14.071463,14.176028,3.378236,381581
1974-02-07,14.176028,14.176028,13.981836,14.116276,3.363996,421747
1974-02-08,14.116276,14.176028,13.892208,13.929553,3.319499,487018
1974-02-11,13.929553,13.951960,13.533700,13.623327,3.246526,607517
1974-02-12,13.623327,13.742830,13.533700,13.638265,3.250085,512122
1974-02-13,13.638265,13.862333,13.623327,13.698016,3.264325,620906
1974-02-14,13.698016,13.712954,13.444073,13.533700,3.225169,646010
1974-02-15,13.593451,13.951960,13.593451,13.951960,3.324839,587434
1974-02-19,13.951960,14.220841,13.787643,13.847395,3.299923,697891
1974-02-20,13.847395,14.071463,13.668141,14.071463,3.353319,560656
1974-02-21,14.086401,14.220841,14.086401,14.190966,3.381797,502080
1974-02-22,14.161090,14.161090,13.907146,14.131214,3.367557,639315
1974-02-25,14.131214,14.190966,13.974367,14.086401,3.356878,440157
1974-02-26,14.086401,14.205903,13.951960,14.205903,3.385356,510448
1974-02-27,14.205903,14.340344,14.086401,14.161090,3.374677,927174
1974-02-28,14.161090,14.220841,14.101338,14.213372,3.387138,438483
1974-03-01,14.213372,14.235779,14.071463,14.101338,3.360440,500406
1974-03-04,14.101338,14.146152,13.832457,14.146152,3.371119,543920
1974-03-05,14.235779,14.459847,14.235779,14.444909,3.442312,850189
1974-03-06,14.444909,14.609226,14.355282,14.594288,3.477911,600822
1974-03-07,14.594288,14.624163,14.235779,14.325406,3.413836,463587
1974-03-08,14.325406,14.534536,14.190966,14.370220,3.424514,582413
1974-03-11,14.370220,14.728728,14.131214,14.728728,3.509950,729690
1974-03-12,14.728728,15.027486,14.728728,14.907983,3.552666,1143069
1974-03-13,14.907983,15.176864,14.885576,14.937859,3.559786,587434
1974-03-14,14.937859,15.027486,14.758604,14.863169,3.541989,943910
1974-03-15,14.863169,14.967734,14.743666,14.893045,3.549106,537226
1974-03-18,14.893045,14.982672,14.781011,14.788480,3.524190,490365
1974-03-19,14.788480,14.788480,14.654039,14.683915,3.499269,334720
1974-03-20,14.683915,14.743666,14.646570,14.713791,3.506390,376560
1974-03-21,14.713791,14.803418,14.489723,14.519598,3.460113,649357
1974-03-22,14.519598,14.609226,14.429971,14.549474,3.467234,438483
1974-03-25,14.549474,14.803418,14.400096,14.788480,3.524190,493712
1974-03-26,14.818356,14.982672,14.818356,14.937859,3.559786,714627
1974-03-27,14.878107,14.878107,14.579350,14.579350,3.474353,630947
1974-03-28,14.489723,14.489723,14.280593,14.325406,3.413836,686176
1974-03-29,14.325406,14.355282,14.041587,14.086401,3.356878,627600
1974-04-01,14.086401,14.131214,13.653203,13.727892,3.271443,784918
1974-04-02,13.839926,14.056525,13.839926,13.981836,3.331959,528858
1974-04-03,14.041587,14.310468,14.041587,14.295531,3.406716,502080
1974-04-04,14.295531,14.489723,14.250717,14.347813,3.419172,609190
1974-04-05,14.131214,14.131214,13.937022,13.951960,3.324839,523837
1974-04-08,13.951960,13.951960,13.757768,13.787643,3.285681,450198
1974-04-09,13.787643,14.041587,13.780174,13.922084,3.317722,448525
1974-04-10,13.922084,14.011711,13.742830,13.757768,3.278562,654378
1974-04-11,13.757768,13.862333,13.712954,13.712954,3.267883,602496
1974-04-15,13.712954,13.951960,13.698016,13.772706,3.282123,517142
1974-04-16,13.817519,14.011711,13.817519,13.996773,3.335520,507101
1974-04-17,13.996773,14.071463,13.817519,13.996773,3.335520,579066
1974-04-18,13.996773,14.161090,13.981836,14.041587,3.346197,349782
1974-04-19,13.966898,13.966898,13.817519,13.839926,3.298142,488691
1974-04-22,13.839926,13.892208,13.727892,13.772706,3.282123,448525
1974-04-23,13.765237,13.765237,13.578513,13.578513,3.235848,497059
1974-04-24,13.578513,13.608389,13.354446,13.361914,3.184231,808349
1974-04-25,13.294694,13.294694,13.070626,13.242412,3.155751,1000813
1974-04-26,13.264818,13.548638,13.264818,13.473948,3.210928,527184
1974-04-29,13.444073,13.444073,13.257349,13.414197,3.196687,627600
1974-04-30,13.414197,13.683078,13.354446,13.578513,3.235848,604170
1974-05-01,13.578513,13.847395,13.488886,13.742830,3.275004,637642
1974-05-02,13.742830,13.862333,13.623327,13.705485,3.266104,615885
1974-05-03,13.668141,13.668141,13.414197,13.518762,3.221606,391622
1974-05-06,13.414197,13.414197,13.234943,13.399259,3.193129,500406
1974-05-07,13.399259,13.653203,13.399259,13.630796,3.248304,301248
1974-05-08,13.630796,13.653203,13.473948,13.503824,3.236205,473629
1974-05-09,13.503824,13.787643,13.473948,13.772706,3.300643,661072
1974-05-10,13.772706,13.772706,13.302163,13.384321,3.207566,858557
1974-05-13,13.384321,13.384321,13.093033,13.234943,3.171768,799981
1974-05-14,13.249880,13.414197,13.249880,13.324570,3.193246,405011
1974-05-15,13.324570,13.354446,13.182660,13.287225,3.184296,399990
1974-05-16,13.287225,13.369383,13.145315,13.145315,3.150289,399990
1974-05-17,13.130378,13.130378,12.995937,13.040750,3.125230,470282
1974-05-20,13.040750,13.190129,12.995937,13.040750,3.125230,527184
1974-05-21,13.040750,13.234943,12.973530,12.995937,3.114490,548941
1974-05-22,12.995937,13.160253,12.846558,12.913779,3.094801,465261
1974-05-23,12.913779,12.951123,12.697180,12.921248,3.096590,646010
1974-05-24,12.921248,13.070626,12.846558,13.070626,3.132388,719648
1974-05-28,13.070626,13.115440,12.936185,12.966061,3.107331,518816
1974-05-29,12.966061,13.018344,12.577677,12.585146,3.016042,654378
1974-05-30,12.585146,12.831620,12.525394,12.816683,3.071532,764835
1974-05-31,12.816683,12.846558,12.667304,12.697180,3.042891,476976
1974-06-03,12.697180,13.085564,12.607553,13.085564,3.135968,634294
1974-06-04,13.085564,13.264818,13.070626,13.175191,3.157447,820064
1974-06-05,13.175191,13.294694,13.070626,13.167722,3.155658,448525
1974-06-06,13.167722,13.608389,13.115440,13.593451,3.257684,671114
1974-06-07,13.668141,13.862333,13.668141,13.698016,3.282744,1096208
1974-06-10,13.698016,13.772706,13.503824,13.757768,3.297061,558982
1974-06-11,13.683078,13.683078,13.518762,13.533700,3.243368,510448
1974-06-12,13.503824,13.503824,13.309632,13.429135,3.218305,570698
1974-06-13,13.444073,13.638265,13.444073,13.593451,3.257684,401664
1974-06-14,13.548638,13.548638,13.309632,13.309632,3.189667,525510
1974-06-17,13.264818,13.264818,13.040750,13.070626,3.132388,466934
1974-06-18,13.070626,13.115440,12.876434,12.906310,3.093011,707933
1974-06-19,12.906310,13.055688,12.906310,12.936185,3.100168,361498
1974-06-20,12.936185,13.025813,12.756931,12.771869,3.060792,396643
1974-06-21,12.771869,12.771869,12.577677,12.727055,3.050053,743078
1974-06-24,12.727055,12.891372,12.622490,12.891372,3.089429,366518
1974-06-25,12.891372,13.234943,12.891372,13.234943,3.171768,493712
1974-06-26,13.175191,13.175191,12.906310,12.921248,3.096590,515469
1974-06-27,12.846558,12.846558,12.622490,12.667304,3.035732,560656
1974-06-28,12.667304,12.786807,12.547801,12.712118,3.046471,677808
1974-07-01,12.712118,12.756931,12.637428,12.712118,3.046471,564003
1974-07-02,12.712118,12.756931,12.562739,12.637428,3.028573,558982
1974-07-03,12.637428,12.741993,12.547801,12.547801,3.007092,739731
1974-07-05,12.495519,12.495519,12.263982,12.293858,2.946234,507101
1974-07-08,12.084728,12.084728,11.838253,11.890535,2.849578,1266915
1974-07-09,11.890535,12.129541,11.875598,12.054852,2.888957,1099555
1974-07-10,12.054852,12.129541,11.771033,11.815846,2.831680,823411
1974-07-11,11.815846,11.995100,11.726219,11.875598,2.845997,1081146
1974-07-12,12.144479,12.846558,12.144479,12.846558,3.078691,1300387
1974-07-15,12.876434,13.205067,12.876434,13.085564,3.135968,1114618
1974-07-16,12.906310,12.906310,12.727055,12.771869,3.060792,724669
1974-07-17,12.771869,13.010875,12.577677,13.010875,3.118069,803328
1974-07-18,13.010875,13.234943,12.936185,12.966061,3.107331,900397
1974-07-19,12.966061,13.145315,12.966061,13.010875,3.118069,557309
1974-07-22,13.010875,13.137847,12.831620,13.137847,3.148498,615885
1974-07-23,13.205067,13.376852,13.205067,13.279756,3.182507,830106
1974-07-24,13.279756,13.309632,13.115440,13.205067,3.164609,585760
1974-07-25,13.205067,13.309632,12.771869,12.831620,3.075111,776550
1974-07-26,12.816683,12.816683,12.234106,12.323733,2.953397,818390
1974-07-29,12.159417,12.159417,12.024976,12.129541,2.906857,667766
1974-07-30,12.129541,12.398423,12.084728,12.398423,2.971295,560656
1974-07-31,12.398423,12.398423,12.047383,12.047383,2.887167,460240
1974-08-01,12.047383,12.174355,11.868129,12.054852,2.888957,948931
1974-08-02,12.054852,12.159417,11.987631,11.995100,2.874639,458566
1974-08-05,12.002569,12.361078,12.002569,12.204230,2.924756,813370
1974-08-06,12.368547,12.652366,12.368547,12.473112,2.989192,1189930
1974-08-07,12.473112,12.846558,12.413360,12.831620,3.075111,1107923
1974-08-08,12.831620,12.846558,12.368547,12.458174,3.006616,1348922
1974-08-09,12.458174,12.592615,12.308795,12.458174,3.006616,820064
1974-08-12,12.458174,12.532863,12.099665,12.129541,2.927304,835126
1974-08-13,12.129541,12.174355,11.935349,12.084728,2.916488,717974
1974-08-14,12.069790,12.069790,11.890535,11.950287,2.884043,820064
1974-08-15,11.950287,12.099665,11.860660,11.950287,2.884043,950605
1974-08-16,11.950287,12.010038,11.860660,11.860660,2.862412,677808
1974-08-19,11.756095,11.756095,11.561902,11.756095,2.837176,1034285
1974-08-20,11.756095,11.980163,11.666467,11.935349,2.880438,999139
1974-08-21,11.935349,11.950287,11.472275,11.472275,2.768681,984077
1974-08-22,11.472275,11.741157,11.293021,11.517089,2.779495,1374026
1974-08-23,11.517089,11.666467,11.293021,11.352772,2.739840,892029
1974-08-26,11.352772,11.741157,11.248207,11.561902,2.790309,1215034
1974-08-27,11.561902,11.606716,11.352772,11.472275,2.768681,880314
1974-08-28,11.472275,11.651530,11.397586,11.427462,2.757865,1069430
1974-08-29,11.427462,11.472275,11.248207,11.278083,2.721817,853536
1974-08-30,11.367710,11.561902,11.367710,11.472275,2.768681,1094534
1974-09-03,11.472275,11.502151,10.964388,10.964388,2.646109,1220054
1974-09-04,10.755258,10.755258,10.366874,10.755258,2.595639,2704538
1974-09-05,10.755258,10.964388,10.546128,10.889699,2.628084,1410845
1974-09-06,10.889699,11.083891,10.695507,10.695507,2.581218,1059389
1974-09-09,10.665631,10.665631,10.262309,10.336998,2.494696,990771
1974-09-10,10.336998,10.471439,10.172682,10.247371,2.473068,1164826
1974-09-11,10.247371,10.292185,9.866456,9.866456,2.381139,1179888
1974-09-12,9.858987,9.858987,9.276410,9.351099,2.256764,1894515
1974-09-13,9.351099,9.395913,8.992591,9.082218,2.191873,2192416
1974-09-16,9.082218,9.545292,8.992591,9.537823,2.301826,1825898
1974-09-17,9.664794,10.068117,9.664794,9.672263,2.334271,1469421
1974-09-18,9.672263,9.948614,9.440727,9.948614,2.400966,1268589
1974-09-19,10.112930,10.381812,10.112930,10.187620,2.458646,1604982
1974-09-20,10.187620,10.366874,9.948614,10.247371,2.473068,1348922
1974-09-23,10.247371,10.456501,10.053179,10.112930,2.440623,995792
1974-09-24,10.038241,10.038241,9.844049,9.963552,2.404571,786592
1974-09-25,9.963552,10.217495,9.858987,9.858987,2.379335,999139
1974-09-26,9.799235,9.799235,9.575167,9.799235,2.364915,431789
1974-09-27,9.799235,9.963552,9.560229,9.612512,2.319851,868598
1974-09-30,9.530354,9.530354,9.171845,9.500478,2.292813,1407498
1974-10-01,9.500478,9.664794,9.216659,9.575167,2.310838,2105389
1974-10-02,9.575167,9.769359,9.470602,9.530354,2.300023,1069430
1974-10-03,9.530354,9.590105,9.298817,9.425789,2.274789,938890
1974-10-04,9.425789,9.530354,9.216659,9.336162,2.253158,1241811
1974-10-07,9.515416,9.844049,9.515416,9.806704,2.366718,1019222
1974-10-08,9.806704,9.829111,9.605043,9.679732,2.336074,1456032
1974-10-09,9.679732,10.277247,9.590105,10.277247,2.480278,1457706
1974-10-10,10.478908,10.725382,10.478908,10.523721,2.539760,2480275
1974-10-11,10.523721,10.717913,10.396750,10.635755,2.566798,1604982
1974-10-14,10.635755,10.994264,10.531190,10.695507,2.581218,1482810
1974-10-15,10.695507,10.874761,10.523721,10.590942,2.555981,1121312
1974-10-16,10.590942,10.815010,10.426625,10.583473,2.554180,1141395
1974-10-17,10.583473,10.844885,10.471439,10.755258,2.595639,1109597
1974-10-18,10.904637,11.158580,10.904637,11.009202,2.656924,1522976
1974-10-21,11.009202,11.502151,10.889699,11.502151,2.775891,1179888
1974-10-22,11.502151,11.681405,11.143642,11.218332,2.707395,1685315
1974-10-23,11.083891,11.083891,10.829947,10.874761,2.624479,1159805
1974-10-24,10.829947,10.829947,10.508783,10.829947,2.613662,1435949
1974-10-25,10.829947,10.979326,10.590942,10.590942,2.555981,1014202
1974-10-28,10.590942,10.829947,10.531190,10.800072,2.606455,547267
1974-10-29,11.009202,11.457337,11.009202,11.457337,2.765076,1377373
1974-10-30,11.457337,11.771033,11.263145,11.532027,2.783102,2076938
1974-10-31,11.532027,11.606716,11.293021,11.300490,2.727222,1263568
1974-11-01,11.300490,11.561902,11.188456,11.442400,2.761470,1017549
1974-11-04,11.427462,11.427462,11.113767,11.322897,2.732630,838474
1974-11-05,11.322897,11.711281,11.322897,11.703812,2.824559,1173194
1974-11-06,11.703812,11.950287,10.949450,10.994264,2.673795,2684454
1974-11-07,11.083891,11.427462,11.083891,11.188456,2.721024,2133840
1974-11-08,11.188456,11.412524,11.158580,11.382648,2.768249,977382
1974-11-11,11.382648,11.457337,11.248207,11.352772,2.760983,518816
1974-11-12,11.345304,11.345304,11.039077,11.054015,2.688326,1040979
1974-11-13,11.054015,11.128705,10.934512,11.039077,2.684695,1261894
1974-11-14,11.039077,11.218332,10.874761,10.882230,2.646547,1037632
1974-11-15,10.882230,10.994264,10.755258,10.770196,2.619303,545594
1974-11-18,10.605880,10.605880,10.381812,10.389281,2.526664,1210013
1974-11-19,10.389281,10.441563,10.097992,10.127868,2.463089,1512934
1974-11-20,10.127868,10.269778,10.008365,10.068117,2.448557,892029
1974-11-21,10.068117,10.336998,9.963552,10.247371,2.492152,1092861
1974-11-22,10.247371,10.471439,10.187620,10.187620,2.477619,1062736
1974-11-25,10.187620,10.426625,10.068117,10.396750,2.528479,753120
1974-11-26,10.396750,10.650693,10.307122,10.576004,2.572075,856883
1974-11-27,10.576004,10.844885,10.576004,10.650693,2.590238,1039306
1974-11-29,10.650693,10.680569,10.546128,10.590942,2.575705,488691
1974-12-02,10.486377,10.486377,10.187620,10.202557,2.481254,647683
1974-12-03,10.187620,10.187620,10.038241,10.045710,2.443107,1318797
1974-12-04,10.045710,10.322060,9.926207,10.142806,2.466722,912112
1974-12-05,10.142806,10.247371,9.926207,9.933676,2.415862,783245
1974-12-06,9.903800,9.903800,9.709608,9.829111,2.390431,1124659
1974-12-09,9.829111,10.068117,9.709608,10.068117,2.448557,1071104
1974-12-10,10.172682,10.396750,10.172682,10.277247,2.499418,1166499
1974-12-11,10.277247,10.493846,10.224964,10.262309,2.495785,1738870
1974-12-12,10.262309,10.336998,10.105461,10.127868,2.463089,1052694
1974-12-13,10.127868,10.187620,9.881393,9.993427,2.430393,942237
1974-12-16,9.993427,10.053179,9.858987,9.873924,2.401329,873619
1974-12-17,9.873924,10.254840,9.858987,10.254840,2.493968,1216707
1974-12-18,10.254840,10.351936,10.142806,10.157744,2.470354,1091187
1974-12-19,10.157744,10.217495,10.038241,10.097992,2.455822,1206666
1974-12-20,10.097992,10.157744,10.038241,10.127868,2.463089,868598
1974-12-23,10.127868,10.157744,9.858987,9.903800,2.408596,1206666
1974-12-24,9.918738,10.008365,9.918738,10.000896,2.432209,692870
1974-12-26,10.000896,10.083054,9.829111,9.858987,2.397696,707933
1974-12-27,9.858987,9.918738,9.664794,9.694670,2.357735,866925
1974-12-30,9.694670,9.814173,9.567698,9.814173,2.386797,1092861
1974-12-31,9.918738,10.090523,9.918738,10.038241,2.441291,818390
1975-01-02,10.053179,10.239902,10.053179,10.090523,2.454005,754794
1975-01-03,10.090523,10.232433,9.963552,10.008365,2.434025,1305408
1975-01-06,10.008365,10.172682,9.888862,9.956083,2.421311,887008
1975-01-07,9.948614,9.948614,9.769359,9.903800,2.408596,820064
1975-01-08,9.903800,9.985958,9.754422,9.754422,2.372267,982403
1975-01-09,9.754422,10.068117,9.717077,10.068117,2.448557,948931
1975-01-10,10.135337,10.336998,10.135337,10.232433,2.488519,2063549
1975-01-13,10.232433,10.307122,10.097992,10.112930,2.459457,1061062
1975-01-14,10.112930,10.187620,10.023303,10.053179,2.444924,940563
1975-01-15,10.053179,10.157744,9.410851,9.769359,2.375899,3619997
1975-01-16,9.769359,9.829111,9.575167,9.605043,2.335937,2008320
1975-01-17,9.605043,9.605043,9.433258,9.448196,2.297793,1579878
1975-01-20,9.448196,9.560229,9.395913,9.560229,2.325039,1131354
1975-01-21,9.560229,9.694670,9.530354,9.537823,2.319591,1211686
1975-01-22,9.537823,9.769359,9.470602,9.769359,2.375899,960646
1975-01-23,9.769359,9.873924,9.687201,9.739484,2.368635,1265242
1975-01-24,9.739484,9.836580,9.679732,9.732015,2.366819,1056042
1975-01-27,9.732015,9.732015,9.732015,9.732015,2.366819,0
1975-01-28,10.710445,11.233270,10.710445,10.740320,2.612036,4784822
1975-01-29,10.740320,11.233270,10.732851,11.188456,2.721024,3561421
1975-01-30,11.188456,11.442400,10.874761,10.927043,2.657448,3892794
1975-01-31,10.949450,11.293021,10.949450,11.248207,2.735553,1613350
1975-02-03,11.248207,11.532027,11.188456,11.532027,2.804579,1544733
1975-02-04,11.532027,11.636592,11.233270,11.457337,2.786414,1501219
1975-02-05,11.457337,11.942818,11.427462,11.942818,2.904483,2256013
1975-02-06,11.942818,12.069790,11.666467,11.711281,2.869709,2369818
1975-02-07,11.711281,11.815846,11.502151,11.808377,2.893502,1260221
1975-02-10,11.845722,12.062321,11.845722,11.868129,2.908142,1290346
1975-02-11,11.868129,12.062321,11.756095,12.047383,2.952066,1454358
1975-02-12,12.047383,12.577677,12.047383,12.562739,3.078350,1779037
1975-02-13,12.741993,13.040750,12.741993,12.876434,3.155216,3005786
1975-02-14,12.876434,13.205067,12.786807,13.152784,3.222934,2001626
1975-02-18,13.152784,13.190129,12.577677,12.667304,3.103972,1879453
1975-02-19,12.667304,13.010875,12.637428,13.010875,3.188162,1355616
1975-02-20,13.010875,13.078095,12.831620,13.010875,3.188162,1210013
1975-02-21,13.010875,13.190129,12.995937,13.040750,3.195478,1454358
1975-02-24,13.010875,13.010875,12.667304,12.667304,3.103972,1492851
1975-02-25,12.532863,12.532863,12.308795,12.398423,3.038085,1969827
1975-02-26,12.398423,12.697180,12.398423,12.667304,3.103972,1591594
1975-02-27,12.667304,12.786807,12.637428,12.682242,3.107632,1238464
1975-02-28,12.682242,12.891372,12.659835,12.876434,3.155216,1144742
1975-03-03,12.906310,13.145315,12.906310,13.145315,3.221103,1325491
1975-03-04,13.145315,13.429135,12.801745,12.816683,3.140577,2160618
1975-03-05,12.816683,13.160253,12.801745,12.868965,3.153386,1953091
1975-03-06,12.868965,13.100502,12.771869,13.100502,3.210120,943910
1975-03-07,13.100502,13.152784,12.966061,12.966061,3.177179,1025917
1975-03-10,12.966061,13.175191,12.891372,13.115440,3.213782,974035
1975-03-11,13.115440,13.205067,12.876434,12.876434,3.155216,1131354
1975-03-12,12.876434,12.906310,12.727055,12.727055,3.118613,1300387
1975-03-13,12.727055,12.966061,12.697180,12.966061,3.177179,982403
1975-03-14,12.966061,13.040750,12.861496,12.876434,3.155216,977382
1975-03-17,12.891372,13.070626,12.891372,13.070626,3.202799,985750
1975-03-18,13.070626,13.107971,12.794276,12.831620,3.144238,1139722
1975-03-19,12.831620,12.831620,12.727055,12.816683,3.140577,1149763
1975-03-20,12.816683,12.928717,12.488050,12.517925,3.067368,1256874
1975-03-21,12.517925,12.547801,12.435767,12.495519,3.061877,1000813
1975-03-24,12.323733,12.323733,12.159417,12.226637,2.995992,1243485
1975-03-25,12.226637,12.577677,12.144479,12.547801,3.074687,1424234
1975-03-26,12.547801,12.667304,12.473112,12.540332,3.072859,933869
1975-03-27,12.540332,12.577677,12.323733,12.398423,3.038085,930522
1975-03-31,12.398423,12.458174,12.293858,12.346140,3.025273,833453
1975-04-01,12.346140,12.398423,12.241575,12.316264,3.017952,912112
1975-04-02,12.316264,12.413360,12.159417,12.174355,2.983182,1104576
1975-04-03,12.174355,12.204230,11.830784,11.830784,2.898992,1457706
1975-04-04,11.830784,11.980163,11.785970,11.830784,2.898992,1464400
1975-04-07,11.830784,11.853191,11.726219,11.823315,2.897164,699565
1975-04-08,11.875598,12.039914,11.875598,12.039914,2.950237,823411
1975-04-09,12.084728,12.577677,12.084728,12.517925,3.067368,1668579
1975-04-10,12.517925,12.697180,12.368547,12.435767,3.047234,1737197
1975-04-11,12.323733,12.323733,12.039914,12.249044,3.001480,1630086
1975-04-14,12.249044,12.517925,12.234106,12.517925,3.067368,830106
1975-04-15,12.517925,12.667304,12.398423,12.517925,3.067368,1375699
1975-04-16,12.517925,12.712118,12.413360,12.712118,3.114951,1210013
1975-04-17,12.712118,12.988468,12.682242,12.697180,3.111290,1735523
1975-04-18,12.697180,12.719587,12.428298,12.510457,3.065535,1089514
1975-04-21,12.562739,12.861496,12.562739,12.771869,3.129595,935542
1975-04-22,12.771869,12.891372,12.607553,12.659835,3.102141,779898
1975-04-23,12.652366,12.652366,12.428298,12.428298,3.045405,1025917
1975-04-24,12.428298,12.488050,12.323733,12.361078,3.028934,1191603
1975-04-25,12.361078,12.547801,12.256513,12.308795,3.016123,912112
1975-04-28,12.308795,12.368547,12.099665,12.099665,2.964877,1171520
1975-04-29,12.099665,12.189293,11.950287,12.084728,2.961217,1293693
1975-04-30,12.084728,12.547801,12.054852,12.540332,3.072859,1149763
1975-05-01,12.540332,12.697180,12.405891,12.502988,3.063707,1161478
1975-05-02,12.502988,12.592615,12.308795,12.405891,3.039915,1173194
1975-05-05,12.405891,12.846558,12.323733,12.771869,3.129595,1250179
1975-05-06,12.771869,12.839089,12.473112,12.532863,3.071027,1365658
1975-05-07,12.532863,12.697180,12.458174,12.689711,3.109462,1054368
1975-05-08,12.637428,12.637428,12.458174,12.532863,3.092871,779898
1975-05-09,12.577677,12.816683,12.577677,12.816683,3.162916,1163152
1975-05-12,12.861496,13.070626,12.861496,12.906310,3.185033,1626739
1975-05-13,12.921248,13.354446,12.921248,13.354446,3.295624,2066896
1975-05-14,13.354446,13.585982,13.324570,13.354446,3.295624,2048486
1975-05-15,13.354446,13.526231,12.906310,12.995937,3.207151,1792426
1975-05-16,12.995937,13.100502,12.921248,12.943654,3.194250,1020896
1975-05-19,12.943654,13.100502,12.816683,13.085564,3.229268,838474
1975-05-20,13.085564,13.145315,12.906310,12.906310,3.185033,927174
1975-05-21,12.906310,12.936185,12.667304,12.712118,3.137109,1425907
1975-05-22,12.712118,12.906310,12.712118,12.786807,3.155540,885334
1975-05-23,12.801745,13.107971,12.801745,13.078095,3.227428,890355
1975-05-27,13.078095,13.085564,12.876434,12.913779,3.186878,734710
1975-05-28,12.913779,12.936185,12.727055,12.749462,3.146325,605843
1975-05-29,12.749462,12.846558,12.697180,12.697180,3.133421,635968
1975-05-30,12.756931,12.891372,12.756931,12.846558,3.170286,773203
1975-06-02,12.966061,13.100502,12.966061,13.025813,3.214525,651030
1975-06-03,13.025813,13.130378,12.936185,13.055688,3.221898,955626
1975-06-04,13.055688,13.070626,12.943654,12.943654,3.194250,754794
1975-06-05,12.943654,13.025813,12.816683,13.025813,3.214525,980730
1975-06-06,13.003406,13.003406,12.741993,12.756931,3.148168,880314
1975-06-09,12.756931,12.846558,12.667304,12.667304,3.126051,811696
1975-06-10,12.667304,12.719587,12.577677,12.637428,3.118680,848515
1975-06-11,12.637428,12.741993,12.562739,12.562739,3.100247,1025917
1975-06-12,12.562739,12.652366,12.428298,12.458174,3.074442,875293
1975-06-13,12.458174,12.473112,12.308795,12.316264,3.039420,1496198
1975-06-16,12.316264,12.458174,12.293858,12.443236,3.070755,843494
1975-06-17,12.443236,12.488050,12.159417,12.159417,3.000714,1071104
1975-06-18,12.159417,12.278920,12.129541,12.204230,3.011771,947258
1975-06-19,12.204230,12.450705,12.189293,12.450705,3.072598,1112944
1975-06-20,12.450705,12.562739,12.219168,12.331202,3.043104,1333859
1975-06-23,12.331202,12.727055,12.323733,12.727055,3.140796,709606
1975-06-24,12.727055,12.868965,12.622490,12.637428,3.118680,1189930
1975-06-25,12.637428,12.741993,12.547801,12.577677,3.103933,923827
1975-06-26,12.577677,12.577677,12.428298,12.502988,3.085500,1044326
1975-06-27,12.502988,12.637428,12.443236,12.488050,3.081814,629274
1975-06-30,12.488050,12.607553,12.443236,12.488050,3.081814,753120
1975-07-01,12.488050,12.592615,12.435767,12.458174,3.074442,743078
1975-07-02,12.398423,12.398423,12.278920,12.361078,3.050479,897050
1975-07-03,12.361078,12.428298,12.323733,12.338671,3.044949,721322
1975-07-07,12.338671,12.368547,12.181824,12.189293,3.008086,943910
1975-07-08,12.189293,12.338671,12.166886,12.316264,3.039420,870272
1975-07-09,12.353609,12.547801,12.353609,12.517925,3.089186,1005834
1975-07-10,12.502988,12.502988,12.234106,12.234106,3.019145,1221728
1975-07-11,12.234106,12.428298,12.099665,12.278920,3.030204,1517955
1975-07-14,12.278920,12.428298,12.249044,12.428298,3.067068,830106
1975-07-15,12.428298,12.517925,12.323733,12.353609,3.048638,918806
1975-07-16,12.353609,12.413360,12.159417,12.226637,3.017303,1052694
1975-07-17,12.226637,12.263982,12.039914,12.092196,2.984124,1203318
1975-07-18,12.062321,12.062321,11.905473,12.062321,2.976753,1641802
1975-07-21,12.062321,12.159417,11.920411,12.010038,2.963850,1057715
1975-07-22,11.905473,11.905473,11.778501,11.800908,2.912241,1534691
1975-07-23,11.800908,11.875598,11.472275,11.532027,2.845888,1461053
1975-07-24,11.532027,11.621654,11.442400,11.606716,2.864317,1422560
1975-07-25,11.606716,11.621654,11.337835,11.382648,2.809021,1586573
1975-07-28,11.382648,11.487213,11.367710,11.390117,2.810865,756467
1975-07-29,11.390117,11.591778,11.375179,11.472275,2.831140,1211686
1975-07-30,11.472275,11.644061,11.427462,11.644061,2.873534,1112944
1975-07-31,11.644061,11.666467,11.352772,11.367710,2.805334,1156458
1975-08-01,11.367710,11.397586,11.233270,11.307959,2.790588,1052694
1975-08-04,11.307959,11.367710,11.218332,11.218332,2.768471,878640
1975-08-05,11.218332,11.278083,11.016671,11.016671,2.718707,1246832
1975-08-06,11.016671,11.128705,11.016671,11.113767,2.742669,1191603
1975-08-07,11.098829,11.098829,10.874761,10.934512,2.724059,866925
1975-08-08,10.934512,10.979326,10.725382,10.755258,2.679403,1171520
1975-08-11,10.762727,10.964388,10.762727,10.964388,2.731503,480323
1975-08-12,10.964388,11.076422,10.852354,10.874761,2.709174,1129680
1975-08-13,10.874761,10.889699,10.583473,10.605880,2.642189,1109597
1975-08-14,10.620817,10.815010,10.620817,10.740320,2.675681,738058
1975-08-15,10.740320,10.889699,10.740320,10.889699,2.712896,647683
1975-08-18,10.889699,10.979326,10.852354,10.874761,2.709174,488691
1975-08-19,10.874761,10.889699,10.620817,10.650693,2.653354,674461
1975-08-20,10.643224,10.643224,10.516252,10.546128,2.627306,1094534
1975-08-21,10.546128,10.680569,10.531190,10.605880,2.642189,930522
1975-08-22,10.620817,10.770196,10.620817,10.770196,2.683126,744752
1975-08-25,10.770196,10.874761,10.755258,10.874761,2.709174,774877
1975-08-26,10.859823,10.859823,10.650693,10.650693,2.653354,577392
1975-08-27,10.650693,10.815010,10.650693,10.815010,2.694289,724669
1975-08-28,10.844885,11.143642,10.844885,11.128705,2.772438,992445
1975-08-29,11.128705,11.203394,11.098829,11.128705,2.772438,875293
1975-09-02,11.128705,11.143642,10.800072,10.829947,2.698009,637642
1975-09-03,10.829947,10.919575,10.732851,10.919575,2.720339,836800
1975-09-04,10.919575,10.979326,10.844885,10.874761,2.709174,810022
1975-09-05,10.874761,10.874761,10.740320,10.755258,2.679403,674461
1975-09-08,10.755258,10.964388,10.725382,10.964388,2.731503,533878
1975-09-09,10.964388,11.106298,10.695507,10.695507,2.664518,1168173
1975-09-10,10.695507,10.800072,10.613348,10.755258,2.679403,1009181
1975-09-11,10.755258,10.919575,10.725382,10.829947,2.698009,957299
1975-09-12,10.829947,10.934512,10.695507,10.755258,2.679403,970688
1975-09-15,10.755258,10.755258,10.635755,10.747789,2.677542,460240
1975-09-16,10.747789,10.770196,10.620817,10.643224,2.651492,721322
1975-09-17,10.673100,10.792603,10.673100,10.740320,2.675681,520490
1975-09-18,10.755258,11.143642,10.755258,11.128705,2.772438,1020896
1975-09-19,11.128705,11.352772,11.098829,11.307959,2.817093,1589920
1975-09-22,11.307959,11.367710,11.113767,11.143642,2.776160,1030938
1975-09-23,11.143642,11.278083,11.083891,11.263145,2.805930,1091187
1975-09-24,11.382648,11.546965,11.382648,11.412524,2.843143,1517955
1975-09-25,11.412524,11.532027,11.352772,11.472275,2.858029,943910
1975-09-26,11.479744,11.726219,11.479744,11.711281,2.917571,900397
1975-09-29,11.651530,11.651530,11.397586,11.397586,2.839421,1104576
1975-09-30,11.397586,11.412524,11.233270,11.248207,2.802209,980730
1975-10-01,11.248207,11.337835,10.949450,10.956919,2.729642,1176541
1975-10-02,10.979326,11.278083,10.979326,11.278083,2.809652,962320
1975-10-03,11.293021,11.681405,11.293021,11.666467,2.906407,1507914
1975-10-06,11.957756,12.159417,11.957756,12.010038,2.992002,2609142
1975-10-07,12.010038,12.092196,11.800908,12.024976,2.995721,1797446
1975-10-08,12.024976,12.353609,12.010038,12.308795,3.066428,1698704
1975-10-09,12.308795,12.502988,12.234106,12.263982,3.055264,2152250
1975-10-10,12.263982,12.368547,12.174355,12.308795,3.066428,1236790
1975-10-13,12.308795,12.577677,12.263982,12.577677,3.133412,990771
1975-10-14,12.577677,12.727055,12.428298,12.458174,3.103642,1638454
1975-10-15,12.458174,12.547801,12.398423,12.473112,3.107363,1188256
1975-10-16,12.473112,12.697180,12.465643,12.510457,3.116667,1360637
1975-10-17,12.510457,12.577677,12.383485,12.383485,3.085035,953952
1975-10-20,12.428298,12.659835,12.428298,12.637428,3.148300,953952
1975-10-21,12.697180,12.831620,12.697180,12.719587,3.168767,1728829
1975-10-22,12.719587,12.771869,12.562739,12.741993,3.174349,1173194
1975-10-23,12.741993,12.891372,12.667304,12.868965,3.205981,1293693
1975-10-24,12.831620,12.831620,12.488050,12.488050,3.111083,1725482
1975-10-27,12.488050,12.652366,12.473112,12.615022,3.142718,1367331
1975-10-28,12.659835,12.876434,12.659835,12.846558,3.200397,1512934
1975-10-29,12.801745,12.801745,12.532863,12.607553,3.140855,1792426
1975-10-30,12.607553,12.756931,12.577677,12.615022,3.142718,1270262
1975-10-31,12.615022,12.712118,12.577677,12.682242,3.159464,764835
1975-11-03,12.682242,12.712118,12.607553,12.622490,3.144578,518816
1975-11-04,12.644897,12.801745,12.644897,12.756931,3.178068,823411
1975-11-05,12.756931,12.966061,12.741993,12.891372,3.238106,1728829
1975-11-06,12.891372,13.025813,12.727055,12.966061,3.256865,1430928
1975-11-07,12.966061,13.003406,12.891372,12.921248,3.245609,1102902
1975-11-10,12.921248,12.958592,12.846558,12.943654,3.251235,548941
1975-11-11,12.966061,13.137847,12.966061,13.130378,3.298141,979056
1975-11-12,13.175191,13.429135,13.175191,13.429135,3.373182,1931334
1975-11-13,13.429135,13.444073,13.205067,13.227474,3.322528,1707072
1975-11-14,13.227474,13.339508,13.190129,13.294694,3.339413,1007507
1975-11-17,13.332039,13.459011,13.332039,13.444073,3.376935,1005834
1975-11-18,13.444073,13.488886,13.152784,13.167722,3.307520,1143069
1975-11-19,13.167722,13.190129,12.995937,13.115440,3.294386,1263568
1975-11-20,13.122909,13.264818,13.122909,13.205067,3.316899,907091
1975-11-21,13.205067,13.309632,13.175191,13.249880,3.328155,992445
1975-11-24,13.249880,13.317101,13.175191,13.279756,3.335660,761488
1975-11-25,13.279756,13.459011,13.272287,13.421666,3.371306,1220054
1975-11-26,13.421666,13.503824,13.369383,13.444073,3.376935,1059389
1975-11-28,13.444073,13.533700,13.414197,13.526231,3.397570,810022
1975-12-01,13.526231,13.578513,13.384321,13.391790,3.363800,1046000
1975-12-02,13.391790,13.399259,13.182660,13.190129,3.313148,1096208
1975-12-03,13.122909,13.122909,12.966061,13.085564,3.286880,1951418
1975-12-04,13.085564,13.152784,12.980999,13.152784,3.303768,1412518
1975-12-05,13.152784,13.182660,12.824152,12.824152,3.221220,1258547
1975-12-08,12.824152,12.966061,12.786807,12.846558,3.226847,1442643
1975-12-09,12.846558,12.898841,12.577677,12.898841,3.239979,953952
1975-12-10,12.898841,13.025813,12.846558,12.995937,3.264370,764835
1975-12-11,12.995937,13.010875,12.831620,12.831620,3.223097,1039306
1975-12-12,12.831620,12.891372,12.801745,12.883903,3.236228,684502
1975-12-15,12.883903,12.958592,12.846558,12.951123,3.253113,692870
1975-12-16,12.951123,13.137847,12.951123,13.137847,3.300014,1124659
1975-12-17,13.137847,13.190129,13.055688,13.130378,3.298141,943910
1975-12-18,13.130378,13.234943,13.085564,13.115440,3.294386,1101229
1975-12-19,13.115440,13.137847,12.413360,13.010875,3.268121,840147
1975-12-22,13.010875,13.025813,12.898841,12.906310,3.241857,654378
1975-12-23,12.921248,13.190129,12.921248,13.145315,3.301891,1117965
1975-12-24,13.212536,13.354446,13.212536,13.339508,3.350669,299574
1975-12-26,13.227474,13.354446,13.212536,13.339508,3.350669,299574
1975-12-29,13.339508,13.421666,13.279756,13.294694,3.339413,764835
1975-12-30,13.294694,13.354446,13.234943,13.339508,3.350669,719648
1975-12-31,13.354446,13.459011,13.354446,13.399259,3.365677,798307
1976-01-02,13.399259,13.533700,13.346977,13.533700,3.399449,733037
1976-01-05,13.533700,13.742830,13.518762,13.742830,3.451976,1486157
1976-01-06,13.742830,13.795112,13.683078,13.705485,3.442594,1974848
1976-01-07,13.705485,13.802581,13.645734,13.653203,3.429464,2127146
1976-01-08,13.653203,13.787643,13.653203,13.765237,3.457604,2282790
1976-01-09,13.765237,13.847395,13.742830,13.817519,3.470738,1551427
1976-01-12,13.817519,14.116276,13.750299,14.086401,3.538276,2068570
1976-01-13,14.086401,14.243248,13.966898,13.996773,3.515764,2512074
1976-01-14,13.996773,14.415033,13.996773,14.415033,3.620825,1894515
1976-01-15,14.415033,14.512130,14.280593,14.317937,3.596433,2406637
1976-01-16,14.317937,14.504661,14.250717,14.459847,3.632081,1958112
1976-01-19,14.512130,14.937859,14.512130,14.937859,3.752148,1678621
1976-01-20,14.937859,15.117113,14.833293,15.109644,3.795297,2155597
1976-01-21,15.087237,15.087237,14.758604,14.788480,3.714627,2473581
1976-01-22,14.788480,14.997610,14.743666,14.937859,3.752148,1204992
1976-01-23,14.937859,15.266491,14.930390,15.191802,3.815937,1298714
1976-01-26,15.191802,15.296367,15.139520,15.191802,3.815937,2041792
1976-01-27,15.191802,15.236616,14.915452,14.930390,3.750272,1631760
1976-01-28,14.930390,15.072299,14.825825,14.997610,3.767157,1512934
1976-01-29,14.997610,15.356119,14.997610,15.326243,3.849704,1512934
1976-01-30,15.393463,15.520435,15.393463,15.400932,3.868464,1857696
1976-02-02,15.400932,15.490559,15.296367,15.490559,3.890978,1459379
1976-02-03,15.490559,15.610062,15.490559,15.595124,3.917244,1859370
1976-02-04,15.610062,15.804254,15.610062,15.759441,3.958519,1270262
1976-02-05,15.729565,15.729565,15.400932,15.415870,3.898082,2026730
1976-02-06,15.371056,15.371056,15.176864,15.176864,3.837647,2100368
1976-02-09,15.176864,15.400932,15.102175,15.146989,3.830094,1312102
1976-02-10,15.146989,15.415870,15.117113,15.415870,3.898082,1250179
1976-02-11,15.415870,15.565249,15.251554,15.251554,3.856535,1348922
1976-02-12,15.251554,15.415870,15.087237,15.087237,3.814981,841821
1976-02-13,15.087237,15.236616,15.042424,15.176864,3.837647,963994
1976-02-17,15.176864,15.251554,15.109644,15.124582,3.824427,918806
1976-02-18,15.124582,15.371056,15.087237,15.281429,3.864086,878640
1976-02-19,15.445746,15.669814,15.445746,15.610062,3.947188,1631760
1976-02-20,15.654876,15.804254,15.654876,15.654876,3.958519,1596614
1976-02-23,15.654876,15.654876,15.475621,15.550311,3.932078,1213360
1976-02-24,15.595124,15.722096,15.595124,15.684751,3.966072,1148090
1976-02-25,15.684751,15.684751,15.475621,15.535373,3.928298,1163152
1976-02-26,15.535373,15.625000,15.296367,15.296367,3.867864,1196624
1976-02-27,15.296367,15.318774,15.087237,15.273960,3.862196,1673600
1976-03-01,15.273960,15.490559,15.191802,15.490559,3.916969,960646
1976-03-02,15.490559,15.580186,15.415870,15.490559,3.916969,1017549
1976-03-03,15.490559,15.557780,15.400932,15.498028,3.918856,1017549
1976-03-04,15.490559,15.490559,15.281429,15.311305,3.871641,1129680
1976-03-05,15.311305,15.385994,15.251554,15.385994,3.890527,955626
1976-03-08,15.445746,15.542842,15.445746,15.535373,3.928298,1111270
1976-03-09,15.535373,15.684751,15.460684,15.460684,3.909413,1218381
1976-03-10,15.490559,15.669814,15.490559,15.639938,3.954741,1061062
1976-03-11,15.639938,15.886413,15.639938,15.878944,4.015174,1625066
1976-03-12,15.878944,15.886413,15.610062,15.625000,3.950963,1270262
1976-03-15,15.610062,15.610062,15.445746,15.512966,3.922636,1176541
1976-03-16,15.512966,15.699689,15.475621,15.647407,3.956627,1199971
1976-03-17,15.647407,15.684751,15.415870,15.423339,3.899970,1230096
1976-03-18,15.423339,15.512966,15.356119,15.415870,3.898082,982403
1976-03-19,15.415870,15.490559,15.356119,15.460684,3.909413,937216
1976-03-22,15.460684,15.550311,15.385994,15.430808,3.901860,1012528
1976-03-23,15.430808,15.654876,15.430808,15.654876,3.958519,1106250
1976-03-24,15.654876,15.841599,15.595124,15.639938,3.954741,1681968
1976-03-25,15.639938,15.684751,15.445746,15.445746,3.905638,963994
1976-03-26,15.445746,15.565249,15.415870,15.505497,3.920742,1139722
1976-03-29,15.505497,15.639938,15.490559,15.550311,3.932078,738058
1976-03-30,15.550311,15.580186,15.445746,15.550311,3.932078,953952
1976-03-31,15.565249,15.699689,15.565249,15.654876,3.958519,1034285
1976-04-01,15.654876,15.759441,15.550311,15.639938,3.954741,942237
1976-04-02,15.639938,15.968571,15.580186,15.953633,4.034063,1461053
1976-04-05,16.028322,16.252390,16.028322,16.252390,4.109607,1973174
1976-04-06,16.252390,16.327080,16.103010,16.117949,4.075610,1451011
1976-04-07,16.117949,16.237452,16.013384,16.073135,4.064277,972362
1976-04-08,16.073135,16.088074,15.901350,16.028322,4.052949,1558122
1976-04-09,16.028322,16.103010,15.938695,16.005915,4.047280,1256874
1976-04-12,16.005915,16.177702,15.610062,15.632469,3.952851,2115430
1976-04-13,15.632469,15.759441,15.445746,15.744503,3.981179,2145555
1976-04-14,15.707158,15.707158,15.266491,15.266491,3.860310,1574858
1976-04-15,15.266491,15.385994,15.199271,15.326243,3.875418,2028403
1976-04-19,15.326243,15.490559,15.281429,15.483090,3.915077,1414192
1976-04-20,15.490559,15.639938,15.490559,15.610062,3.947188,1561469
1976-04-21,15.610062,15.654876,15.445746,15.565249,3.935855,1752259
1976-04-22,15.565249,15.669814,15.535373,15.535373,3.928298,1238464
1976-04-23,15.535373,15.535373,15.341181,15.453215,3.907524,1246832
1976-04-26,15.453215,15.490559,15.356119,15.490559,3.916969,922154
1976-04-27,15.490559,15.520435,15.266491,15.288898,3.865973,969014
1976-04-28,15.288898,15.296367,15.161926,15.296367,3.867864,1278630
1976-04-29,15.296367,15.341181,15.079768,15.146989,3.830094,1154784
1976-04-30,15.146989,15.199271,15.087237,15.139520,3.828202,637642
1976-05-03,15.102175,15.102175,14.878107,14.878107,3.762102,1069430
1976-05-04,14.893045,15.109644,14.893045,15.087237,3.814981,923827
1976-05-05,15.027486,15.027486,14.654039,14.937859,3.777209,1128006
1976-05-06,14.937859,14.937859,14.818356,14.915452,3.798132,892029
1976-05-07,14.915452,15.012548,14.915452,14.967734,3.811444,898723
1976-05-10,15.072299,15.430808,15.072299,15.415870,3.925560,1370678
1976-05-11,15.415870,15.505497,15.266491,15.326243,3.902736,1288672
1976-05-12,15.326243,15.371056,15.296367,15.356119,3.910348,1002486
1976-05-13,15.356119,15.356119,15.259022,15.266491,3.887522,706259
1976-05-14,15.236616,15.236616,15.064830,15.072299,3.838073,712954
1976-05-17,15.072299,15.161926,15.027486,15.072299,3.838073,659398
1976-05-18,15.117113,15.191802,15.117113,15.117113,3.849482,788266
1976-05-19,15.146989,15.251554,15.146989,15.161926,3.860895,1099555
1976-05-20,15.161926,15.393463,15.161926,15.356119,3.910348,806675
1976-05-21,15.356119,15.385994,15.146989,15.146989,3.857092,758141
1976-05-24,15.117113,15.117113,14.885576,14.922921,3.800035,1163152
1976-05-25,14.922921,15.027486,14.848231,14.997610,3.819053,1456032
1976-05-26,14.997610,15.102175,14.907983,14.937859,3.803836,756467
1976-05-27,14.937859,15.176864,14.930390,15.132051,3.853287,1106250
1976-05-28,15.146989,15.371056,15.146989,15.333712,3.904639,1146416
1976-06-01,15.326243,15.326243,15.132051,15.176864,3.864700,816717
1976-06-02,15.176864,15.430808,15.169395,15.385994,3.917953,1194950
1976-06-03,15.385994,15.445746,15.281429,15.296367,3.895130,1015875
1976-06-04,15.296367,15.311305,15.087237,15.117113,3.849482,858557
1976-06-07,15.117113,15.154457,15.057361,15.139520,3.855188,883661
1976-06-08,15.139520,15.214209,15.087237,15.117113,3.849482,1044326
1976-06-09,15.117113,15.244085,15.102175,15.132051,3.853287,850189
1976-06-10,15.161926,15.281429,15.161926,15.266491,3.887522,974035
1976-06-11,15.266491,15.408401,15.221678,15.400932,3.921756,1141395
1976-06-14,15.475621,15.580186,15.475621,15.550311,3.959797,1829245
1976-06-15,15.550311,15.565249,15.400932,15.475621,3.940776,1330512
1976-06-16,15.475621,15.714627,15.475621,15.669814,3.990225,1876106
1976-06-17,15.751972,16.073135,15.751972,16.073135,4.092929,2107062
1976-06-18,16.073135,16.132887,15.893881,15.893881,4.047284,1814182
1976-06-21,15.923757,16.162764,15.923757,16.162764,4.115754,1487830
1976-06-22,16.162764,16.304672,16.043261,16.058199,4.089125,1733850
1976-06-23,16.058199,16.252390,16.035791,16.252390,4.138577,1753933
1976-06-24,16.252390,16.446583,16.222513,16.446583,4.188026,2050160
1976-06-25,16.446583,16.536209,16.371893,16.401770,4.176613,1568163
1976-06-28,16.401770,16.491396,16.349485,16.349485,4.163301,1051021
1976-06-29,16.349485,16.491396,16.342016,16.461519,4.191828,947258
1976-06-30,16.506334,16.663181,16.506334,16.536209,4.210848,970688
1976-07-01,16.536209,16.610899,16.356955,16.401770,4.176613,1524650
1976-07-02,16.401770,16.491396,16.401770,16.491396,4.199436,828432
1976-07-06,16.491396,16.566086,16.401770,16.431644,4.184223,1099555
1976-07-07,16.431644,16.610899,16.409239,16.610899,4.229865,942237
1976-07-08,16.610899,16.693056,16.491396,16.521273,4.207046,1266915
1976-07-09,16.536209,16.670650,16.536209,16.610899,4.229865,1094534
1976-07-12,16.610899,16.730402,16.558617,16.715464,4.256494,1049347
1976-07-13,16.715464,16.752808,16.536209,16.588491,4.224158,1430928
1976-07-14,16.588491,16.752808,16.528740,16.528740,4.208945,1670253
1976-07-15,16.528740,16.700525,16.491396,16.506334,4.203240,1901210
1976-07-16,16.506334,16.513803,16.297203,16.386831,4.172807,3131306
1976-07-19,16.386831,16.461519,16.252390,16.252390,4.138577,1762301
1976-07-20,16.252390,16.297203,16.013384,16.162764,4.115754,1857696
1976-07-21,16.162764,16.282267,16.162764,16.192638,4.123359,1104576
1976-07-22,16.192638,16.282267,16.147825,16.282267,4.146185,719648
1976-07-23,16.282267,16.364424,16.252390,16.312141,4.153790,940563
1976-07-26,16.356955,16.461519,16.356955,16.461519,4.191828,923827
1976-07-27,16.461519,16.461519,16.252390,16.267328,4.142379,1228422
1976-07-28,16.267328,16.319611,16.185169,16.312141,4.153790,806675
1976-07-29,16.312141,16.356955,16.267328,16.312141,4.153790,826758
1976-07-30,16.312141,16.342016,16.237452,16.259859,4.140478,863578
1976-08-02,16.259859,16.304672,16.192638,16.237452,4.134770,620906
1976-08-03,16.237452,16.483927,16.222513,16.483927,4.197536,1029264
1976-08-04,16.491396,16.581022,16.491396,16.536209,4.210848,1405824
1976-08-05,16.468988,16.468988,16.386831,16.409239,4.212767,676134
1976-08-06,16.409239,16.446583,16.386831,16.446583,4.222354,687850
1976-08-09,16.446583,16.446583,16.386831,16.401770,4.210848,687850
1976-08-10,16.401770,16.640774,16.401770,16.640774,4.272208,1035958
1976-08-11,16.640774,16.715464,16.566086,16.573553,4.254951,1445990
1976-08-12,16.573553,16.610899,16.483927,16.581022,4.256869,840147
1976-08-13,16.581022,16.663181,16.581022,16.625837,4.268373,485344
1976-08-16,16.625837,16.730402,16.581022,16.693056,4.285632,1482810
1976-08-17,16.693056,16.775215,16.685589,16.730402,4.295219,1213360
1976-08-18,16.730402,16.760277,16.640774,16.700525,4.287547,813370
1976-08-19,16.700525,16.707994,16.409239,16.446583,4.222354,943910
1976-08-20,16.439114,16.439114,16.267328,16.312141,4.187838,830106
1976-08-23,16.312141,16.342016,16.185169,16.342016,4.195508,937216
1976-08-24,16.342016,16.356955,16.103010,16.103010,4.134150,947258
1976-08-25,16.103010,16.297203,16.058199,16.252390,4.172501,1153110
1976-08-26,16.252390,16.252390,16.043261,16.065666,4.124557,1109597
1976-08-27,16.065666,16.155294,15.998446,16.117949,4.137982,786592
1976-08-30,16.132887,16.297203,16.132887,16.267328,4.176331,821738
1976-08-31,16.267328,16.416706,16.259859,16.349485,4.197425,979056
1976-09-01,16.349485,16.566086,16.327080,16.543678,4.247280,908765
1976-09-02,16.543678,16.610899,16.491396,16.513803,4.239612,925501
1976-09-03,16.513803,16.640774,16.476458,16.640774,4.272208,661072
1976-09-07,16.640774,16.737869,16.610899,16.730402,4.295219,1425907
1976-09-08,16.730402,16.737869,16.551147,16.551147,4.249200,1581552
1976-09-09,16.581022,16.670650,16.581022,16.610899,4.264536,873619
1976-09-10,16.610899,16.707994,16.581022,16.700525,4.287547,704586
1976-09-13,16.700525,16.737869,16.588491,16.588491,4.258785,1014202
1976-09-14,16.588491,16.640774,16.551147,16.610899,4.264536,612538
1976-09-15,16.610899,16.700525,16.558617,16.625837,4.268373,1032611
1976-09-16,16.625837,16.969406,16.595961,16.969406,4.356576,1599962
1976-09-17,16.969406,17.066504,16.879780,16.969406,4.356576,2009994
1976-09-20,16.969406,17.133724,16.939531,16.984344,4.360415,1353942
1976-09-21,17.006752,17.193476,17.006752,17.193476,4.414104,1432602
1976-09-22,17.193476,17.238289,17.029160,17.059034,4.379586,1931334
1976-09-23,17.059034,17.096378,16.969406,16.984344,4.360415,1409171
1976-09-24,16.984344,17.059034,16.932062,16.954470,4.352746,987424
1976-09-27,16.999283,17.178537,16.999283,17.133724,4.398763,880314
1976-09-28,17.133724,17.178537,16.894718,16.961939,4.354661,1482810
1976-09-29,16.961939,17.029160,16.730402,16.820028,4.318229,1780710
1976-09-30,16.820028,16.939531,16.775215,16.812559,4.316311,1054368
1976-10-01,16.812559,16.924595,16.655712,16.760277,4.302889,1527997
1976-10-04,16.760277,16.790154,16.678120,16.730402,4.295219,972362
1976-10-05,16.730402,16.790154,16.595961,16.670650,4.279878,1559795
1976-10-06,16.670650,16.752808,16.521273,16.700525,4.287547,1772342
1976-10-07,16.700525,16.842436,16.610899,16.805092,4.314392,1702051
1976-10-08,16.805092,16.827497,16.581022,16.625837,4.268373,1549754
1976-10-11,16.625837,16.655712,16.566086,16.610899,4.264536,1052694
1976-10-12,16.610899,16.678120,16.192638,16.237452,4.168665,1981542
1976-10-13,16.237452,16.327080,16.117949,16.282267,4.180171,2734662
1976-10-14,16.222513,16.222513,15.744503,15.804254,4.057448,2520442
1976-10-15,15.804254,15.856537,15.684751,15.684751,4.026766,2672739
1976-10-18,15.699689,15.849068,15.699689,15.751972,4.044024,1514608
1976-10-19,15.751972,15.864006,15.625000,15.744503,4.042107,1899536
1976-10-20,15.744503,15.819192,15.744503,15.744503,4.042107,1134701
1976-10-21,15.744503,15.774379,15.326243,15.371056,3.946231,1757280
1976-10-22,15.371056,15.371056,15.117113,15.326243,3.934727,1844307
1976-10-25,15.326243,15.520435,15.266491,15.505497,3.980746,1246832
1976-10-26,15.527904,15.744503,15.527904,15.744503,4.042107,1387414
1976-10-27,15.744503,15.893881,15.625000,15.893881,4.080457,1437622
1976-10-28,15.893881,16.035791,15.849068,15.923757,4.088130,1332186
1976-10-29,15.923757,16.252390,15.923757,16.237452,4.168665,1772342
1976-11-01,16.237452,16.282267,16.140356,16.207577,4.160994,1568163
1976-11-03,16.177702,16.177702,15.878944,16.013384,4.111138,1909578
1976-11-04,16.013384,16.095543,15.908819,15.976040,4.136275,1256874
1976-11-05,15.976040,15.998446,15.654876,15.669814,4.056991,1489504
1976-11-08,15.639938,15.639938,15.385994,15.505497,4.014450,2445130
1976-11-09,15.505497,15.572717,15.385994,15.550311,4.026056,1511261
1976-11-10,15.550311,15.647407,15.468152,15.595124,4.037656,1240138
1976-11-11,15.595124,15.826661,15.546576,15.804254,4.091800,743078
1976-11-12,15.804254,15.804254,15.610062,15.654876,4.053129,1320470
1976-11-15,15.654876,15.834130,15.565249,15.789316,4.087933,1834266
1976-11-16,15.789316,15.908819,15.744503,15.744503,4.076330,1482810
1976-11-17,15.744503,15.983509,15.699689,15.983509,4.138210,1390762
1976-11-18,16.013384,16.215046,16.013384,16.192638,4.192352,1610003
1976-11-19,16.177702,16.177702,16.028322,16.132887,4.176888,1271936
1976-11-22,16.132887,16.312141,16.103010,16.222513,4.200087,1236790
1976-11-23,16.222513,16.237452,16.088074,16.095543,4.167215,840147
1976-11-24,16.132887,16.282267,16.132887,16.267328,4.211690,704586
1976-11-26,16.297203,16.461519,16.297203,16.379362,4.240698,908765
1976-11-29,16.371893,16.371893,16.200108,16.215046,4.198155,1578205
1976-11-30,16.215046,16.229982,16.088074,16.192638,4.192352,930522
1976-12-01,16.192638,16.364424,16.103010,16.103010,4.169153,1337206
1976-12-02,16.252390,16.364424,16.103010,16.103010,4.169153,1337206
1976-12-03,16.147825,16.252390,16.147825,16.252390,4.207828,1204992
1976-12-06,16.282267,16.401770,16.282267,16.312141,4.223294,1076125
1976-12-07,16.312141,16.356955,16.177702,16.177702,4.188488,1434275
1976-12-08,16.177702,16.312141,16.177702,16.297203,4.219429,1275283
1976-12-09,16.297203,16.379362,16.222513,16.222513,4.200087,1430928
1976-12-10,16.222513,16.289736,16.132887,16.192638,4.192352,1168173
1976-12-13,16.192638,16.207577,16.103010,16.132887,4.176888,1199971
1976-12-14,16.132887,16.162764,16.028322,16.125418,4.174949,1728829
1976-12-15,16.125418,16.162764,15.998446,16.058199,4.157548,1322144
1976-12-16,16.058199,16.065666,15.953633,15.968571,4.134344,1419213
1976-12-17,15.968571,16.088074,15.834130,15.834130,4.099535,1057715
1976-12-20,15.834130,15.908819,15.819192,15.878944,4.111137,868598
1976-12-21,15.878944,16.155294,15.849068,16.155294,4.182686,1787405
1976-12-22,16.155294,16.274797,16.140356,16.147825,4.180752,1477789
1976-12-23,16.147825,16.237452,16.147825,16.229982,4.202022,1308755
1976-12-27,16.342016,16.610899,16.342016,16.581022,4.292910,1176541
1976-12-28,16.595961,16.737869,16.595961,16.640774,4.308380,2003299
1976-12-29,16.640774,16.670650,16.521273,16.521273,4.277442,985750
1976-12-30,16.566086,16.760277,16.566086,16.760277,4.339320,1056042
1976-12-31,16.760277,16.849903,16.670650,16.678120,4.318049,1178214
1977-01-03,16.521273,16.760277,16.521273,16.521273,4.277442,1169846
1977-01-04,16.521273,16.566086,16.274797,16.312141,4.223294,1509587
1977-01-05,16.312141,16.416706,16.237452,16.371893,4.238766,1236790
1977-01-06,16.371893,16.521273,16.356955,16.371893,4.238766,1082819
1977-01-07,16.371893,16.379362,16.229982,16.252390,4.207828,1121312
1977-01-10,16.252390,16.312141,16.080605,16.207577,4.196223,1265242
1977-01-11,16.207577,16.252390,16.013384,16.073135,4.161417,1290346
1977-01-12,16.073135,16.073135,15.901350,16.073135,4.161417,1901210
1977-01-13,16.073135,16.207577,16.073135,16.162764,4.184621,1538038
1977-01-14,16.162764,16.192638,16.028322,16.162764,4.184621,1896189
1977-01-17,16.162764,16.312141,16.132887,16.312141,4.223294,2070243
1977-01-18,16.312141,16.476458,16.207577,16.446583,4.258102,2130493
1977-01-19,16.446583,16.707994,16.416706,16.581022,4.292910,1989910
1977-01-20,16.581022,16.670650,16.274797,16.312141,4.223294,1733850
1977-01-21,16.312141,16.461519,16.192638,16.371893,4.238766,2341366
1977-01-24,16.371893,16.491396,16.207577,16.237452,4.203959,1944723
1977-01-25,16.237452,16.312141,16.073135,16.117949,4.173018,2023382
1977-01-26,16.103010,16.103010,15.968571,16.028322,4.149814,1762301
1977-01-27,16.028322,16.103010,15.968571,16.043261,4.153679,1193277
1977-01-28,16.058199,16.386831,16.058199,16.282267,4.215563,1454358
1977-01-31,16.282267,16.446583,16.222513,16.446583,4.258102,1285325
1977-02-01,16.446583,16.603430,16.446583,16.521273,4.277442,1466074
1977-02-02,16.521273,16.536209,16.342016,16.386831,4.242630,1404150
1977-02-03,16.237452,16.237452,16.117949,16.200108,4.232875,1362310
1977-02-04,16.200108,16.267328,16.020853,16.073135,4.199697,1499546
1977-02-07,16.073135,16.162764,16.043261,16.162764,4.223117,1133027
1977-02-08,16.162764,16.259859,16.103010,16.132887,4.215313,1486157
1977-02-09,16.132887,16.147825,15.893881,16.013384,4.184087,1675274
1977-02-10,16.013384,16.132887,15.990978,16.073135,4.199697,1385741
1977-02-11,16.073135,16.110479,15.953633,15.953633,4.168478,1303734
1977-02-14,15.998446,16.386831,15.998446,16.386831,4.281663,1799120
1977-02-15,16.386831,16.401770,16.237452,16.267328,4.250437,1631760
1977-02-16,16.267328,16.371893,16.192638,16.222513,4.238729,1779037
1977-02-17,16.222513,16.244921,16.095543,16.162764,4.223117,1163152
1977-02-18,16.162764,16.185169,16.073135,16.140356,4.217260,1122986
1977-02-22,16.431644,16.551147,16.431644,16.476458,4.305082,1871085
1977-02-23,16.476458,16.528740,16.439114,16.506334,4.312890,1688662
1977-02-24,16.491396,16.491396,16.446583,16.461519,4.301178,868598
1977-02-25,16.461519,16.498865,16.454050,16.461519,4.301178,1429254
1977-02-28,16.461519,16.491396,16.454050,16.491396,4.308984,866925
1977-03-01,16.498865,16.595961,16.498865,16.551147,4.324599,1472768
1977-03-02,16.551147,16.581022,16.513803,16.521273,4.316793,1199971
1977-03-03,16.536209,16.640774,16.536209,16.625837,4.344111,1599962
1977-03-04,16.625837,16.670650,16.521273,16.610899,4.340209,2204131
1977-03-07,16.610899,16.760277,16.610899,16.760277,4.379239,1285325
1977-03-08,16.760277,16.805092,16.737869,16.737869,4.373385,2083632
1977-03-09,16.737869,16.737869,16.707994,16.707994,4.365575,4845072
1977-03-10,16.707994,16.999283,16.655712,16.999283,4.441688,2391574
1977-03-11,16.991814,16.991814,16.864841,16.924595,4.422173,1569837
1977-03-14,16.924595,17.029160,16.879780,16.969406,4.433884,1188256
1977-03-15,16.969406,17.096378,16.969406,17.044098,4.453399,1419213
1977-03-16,17.044098,17.066504,16.947001,16.969406,4.433884,2195763
1977-03-17,16.969406,16.976875,16.879780,16.939531,4.426077,1444317
1977-03-18,16.939531,17.014221,16.887249,16.939531,4.426077,1400803
1977-03-21,16.939531,16.969406,16.879780,16.924595,4.422173,860230
1977-03-22,16.924595,17.059034,16.879780,17.059034,4.457302,1733850
1977-03-23,17.059034,17.066504,16.879780,16.879780,4.410463,1973174
1977-03-24,16.879780,16.887249,16.707994,16.737869,4.373385,1611677
1977-03-25,16.737869,16.775215,16.581022,16.581022,4.332403,1390762
1977-03-28,16.581022,16.700525,16.581022,16.685589,4.359725,1216707
1977-03-29,16.700525,16.805092,16.700525,16.767746,4.381191,957299
1977-03-30,16.760277,16.760277,16.476458,16.528740,4.318743,2542198
1977-03-31,16.528740,16.640774,16.476458,16.521273,4.316793,1015875
1977-04-01,16.521273,16.640774,16.521273,16.610899,4.340209,1780710
1977-04-04,16.610899,16.618368,16.468988,16.476458,4.305082,965667
1977-04-05,16.476458,16.536209,16.401770,16.401770,4.285566,1847654
1977-04-06,16.401770,16.461519,16.386831,16.461519,4.301178,1303734
1977-04-07,16.461519,16.543678,16.431644,16.536209,4.320693,836800
1977-04-11,16.536209,16.566086,16.356955,16.528740,4.318743,1472768
1977-04-12,16.528740,16.685589,16.468988,16.655712,4.351917,1710419
1977-04-13,16.610899,16.610899,16.073135,16.356955,4.273858,3984842
1977-04-14,16.356955,16.461519,16.207577,16.252390,4.246536,2167312
1977-04-15,16.252390,16.282267,16.140356,16.282267,4.254342,2209152
1977-04-18,16.282267,16.289736,16.215046,16.252390,4.246536,1335533
1977-04-19,16.252390,16.304672,16.177702,16.200108,4.232875,1265242
1977-04-20,16.200108,16.222513,16.125418,16.132887,4.215313,1904557
1977-04-21,16.132887,16.162764,15.744503,15.774379,4.121639,3004112
1977-04-22,15.729565,15.729565,15.385994,15.415870,4.027963,3603261
1977-04-25,15.415870,15.512966,15.326243,15.430808,4.031868,2580691
1977-04-26,15.430808,15.565249,15.385994,15.505497,4.051382,1599962
1977-04-27,15.505497,15.654876,15.490559,15.610062,4.078704,1615024
1977-04-28,15.610062,15.632469,15.490559,15.520435,4.055286,1991584
1977-04-29,15.520435,15.520435,15.363587,15.460684,4.039671,1363984
1977-05-02,15.460684,15.535373,15.378525,15.535373,4.059188,1236790
1977-05-03,15.535373,15.654876,15.505497,15.610062,4.078704,1445990
1977-05-04,15.610062,15.759441,15.557780,15.707158,4.104074,1384067
1977-05-05,15.654876,15.654876,15.505497,15.565249,4.106043,1507914
1977-05-06,15.535373,15.535373,15.296367,15.311305,4.039056,1770669
1977-05-09,15.311305,15.356119,15.154457,15.251554,4.023292,1424234
1977-05-10,15.251554,15.371056,15.244085,15.251554,4.023292,1350595
1977-05-11,15.251554,15.266491,15.034955,15.102175,3.983887,1606656
1977-05-12,15.102175,15.109644,14.967734,15.079768,3.977978,1819203
1977-05-13,15.079768,15.191802,15.057361,15.132051,3.991771,1278630
1977-05-16,15.132051,15.244085,15.132051,15.132051,3.991771,1342227
1977-05-17,15.132051,15.259022,15.042424,15.259022,4.025262,1539712
1977-05-18,15.259022,15.326243,15.161926,15.176864,4.003588,1683642
1977-05-19,15.176864,15.206740,15.072299,15.072299,3.976009,1051021
1977-05-20,14.997610,14.997610,14.900514,14.930390,3.938571,2334672
1977-05-23,14.915452,14.915452,14.654039,14.661508,3.867640,2230909
1977-05-24,14.661508,14.825825,14.661508,14.788480,3.901137,2015014
1977-05-25,14.788480,14.840762,14.691384,14.766073,3.895223,1255200
1977-05-26,14.766073,14.885576,14.743666,14.878107,3.924780,1061062
1977-05-27,14.878107,14.893045,14.639101,14.654039,3.865671,1563142
1977-05-31,14.654039,14.736197,14.609226,14.668977,3.869611,1094534
1977-06-01,14.698853,14.878107,14.698853,14.818356,3.909017,1896189
1977-06-02,14.818356,14.840762,14.706322,14.728728,3.885375,1599962
1977-06-03,14.781011,14.982672,14.781011,14.982672,3.952363,1511261
1977-06-06,14.982672,15.057361,14.937859,14.967734,3.948423,1256874
1977-06-07,14.967734,15.117113,14.915452,15.109644,3.985858,423421
1977-06-08,15.109644,15.161926,15.072299,15.109644,3.985858,1536365
1977-06-09,15.109644,15.146989,15.012548,15.012548,3.960243,1077798
1977-06-10,15.012548,15.072299,14.967734,15.034955,3.966155,977382
1977-06-13,15.042424,15.161926,15.042424,15.146989,3.995708,821738
1977-06-14,15.184333,15.445746,15.184333,15.445746,4.074521,2304547
1977-06-15,15.445746,15.527904,15.356119,15.460684,4.078459,2535504
1977-06-16,15.438277,15.438277,15.251554,15.371056,4.054817,2234256
1977-06-17,15.371056,15.460684,15.348650,15.385994,4.058758,1032611
1977-06-20,15.408401,15.550311,15.408401,15.535373,4.098161,1107923
1977-06-21,15.535373,15.610062,15.483090,15.520435,4.094223,2035098
1977-06-22,15.520435,15.557780,15.483090,15.557780,4.104074,1457706
1977-06-23,15.557780,15.669814,15.557780,15.654876,4.129688,1539712
1977-06-24,15.677283,15.923757,15.677283,15.893881,4.192735,1824224
1977-06-27,15.893881,15.968571,15.834130,15.961102,4.210469,890355
1977-06-28,15.961102,16.065666,15.781848,15.781848,4.163183,1949744
1977-06-29,15.781848,15.878944,15.625000,15.849068,4.180914,2277770
1977-06-30,15.849068,15.916288,15.774379,15.774379,4.161214,1579878
1977-07-01,15.766910,15.766910,15.595124,15.632469,4.123776,1163152
1977-07-05,15.632469,15.751972,15.610062,15.625000,4.121807,962320
1977-07-06,15.625000,15.639938,15.490559,15.527904,4.096191,1686989
1977-07-07,15.527904,15.625000,15.490559,15.625000,4.121807,1082819
1977-07-08,15.625000,15.669814,15.415870,15.483090,4.084371,1097882
1977-07-11,15.483090,15.527904,15.423339,15.527904,4.096191,890355
1977-07-12,15.505497,15.625000,15.505497,15.505497,4.090281,1121312
1977-07-13,15.483090,15.632469,15.483090,15.602593,4.115895,979056
1977-07-15,15.662345,16.177702,15.662345,16.140356,4.257752,3916224
1977-07-18,16.162764,16.386831,16.162764,16.371893,4.318835,3275235
1977-07-19,16.371893,16.461519,16.297203,16.424175,4.332628,2240950
1977-07-20,16.416706,16.416706,16.289736,16.312141,4.303071,1469421
1977-07-21,16.312141,16.327080,16.177702,16.312141,4.303071,1581552
1977-07-22,16.312141,16.394300,16.289736,16.327080,4.307011,1430928
1977-07-25,16.327080,16.386831,16.282267,16.364424,4.316861,1034285
1977-07-26,16.327080,16.327080,16.207577,16.229982,4.281398,995792
1977-07-27,16.222513,16.222513,15.968571,15.983509,4.216378,1452685
1977-07-28,15.983509,16.043261,15.908819,15.953633,4.208500,1201645
1977-07-29,15.953633,16.020853,15.886413,16.020853,4.226232,917133
1977-08-01,16.020853,16.177702,16.020853,16.117949,4.251843,704586
1977-08-02,16.110479,16.110479,16.050730,16.088074,4.243963,774877
1977-08-03,16.088074,16.162764,16.028322,16.117949,4.251843,1225075
1977-08-04,16.073135,16.073135,15.931226,16.073135,4.279684,2041792
1977-08-05,16.073135,16.110479,15.923757,15.923757,4.239913,1020896
1977-08-08,15.923757,15.923757,15.766910,15.774379,4.200139,1153110
1977-08-09,15.789316,15.908819,15.789316,15.871475,4.225992,1328838
1977-08-10,15.871475,16.028322,15.834130,16.028322,4.267755,1029264
1977-08-11,16.028322,16.058199,15.878944,15.901350,4.233948,1148090
1977-08-12,15.901350,15.976040,15.864006,15.893881,4.231956,707933
1977-08-15,15.893881,16.095543,15.878944,16.095543,4.285653,878640
1977-08-16,16.088074,16.088074,15.983509,15.998446,4.259799,786592
1977-08-17,15.998446,16.140356,15.998446,16.058199,4.275708,903744
1977-08-18,15.998446,16.207577,15.983509,16.043261,4.271733,1199971
1977-08-19,16.043261,16.095543,15.968571,16.080605,4.281675,950605
1977-08-22,16.080605,16.222513,16.073135,16.207577,4.315483,928848
1977-08-23,16.207577,16.252390,16.103010,16.140356,4.297584,1025917
1977-08-24,16.140356,16.155294,15.961102,16.013384,4.263778,1046000
1977-08-25,16.013384,16.058199,15.946164,15.968571,4.251843,768182
1977-08-26,15.968571,16.005915,15.893881,15.990978,4.257812,1141395
1977-08-29,15.998446,16.103010,15.998446,16.103010,4.287644,982403
1977-08-30,16.103010,16.185169,15.931226,15.931226,4.241900,917133
1977-08-31,15.931226,16.058199,15.871475,16.035791,4.269744,1044326
1977-09-01,16.035791,16.073135,15.938695,15.961102,4.249856,875293
1977-09-02,15.983509,16.043261,15.983509,16.043261,4.271733,1074451
1977-09-06,16.043261,16.050730,15.923757,16.035791,4.269744,853536
1977-09-07,16.035791,16.043261,15.961102,16.005915,4.261787,736384
1977-09-08,15.998446,15.998446,15.849068,15.856537,4.222013,1112944
1977-09-09,15.849068,15.849068,15.699689,15.699689,4.180252,1430928
1977-09-12,15.699689,15.722096,15.610062,15.699689,4.180252,1256874
1977-09-13,15.699689,15.737034,15.632469,15.699689,4.180252,830106
1977-09-14,15.699689,15.789316,15.684751,15.722096,4.186217,694544
1977-09-15,15.722096,15.766910,15.639938,15.699689,4.180252,903744
1977-09-16,15.684751,15.684751,15.483090,15.490559,4.124568,1651843
1977-09-19,15.415870,15.415870,15.266491,15.281429,4.068883,1472768
1977-09-20,15.281429,15.475621,15.273960,15.475621,4.120591,1512934
1977-09-21,15.475621,15.475621,15.251554,15.311305,4.076840,1270262
1977-09-22,15.311305,15.453215,15.296367,15.393463,4.098714,1297040
1977-09-23,15.393463,15.445746,15.318774,15.356119,4.088771,1178214
1977-09-26,15.356119,15.535373,15.341181,15.505497,4.128543,435136
1977-09-27,15.505497,15.520435,15.415870,15.430808,4.108659,1245158
1977-09-28,15.430808,15.565249,15.430808,15.505497,4.128543,1077798
1977-09-29,15.512966,15.572717,15.512966,15.557780,4.142466,1082819
1977-09-30,15.557780,15.610062,15.512966,15.595124,4.152408,876966
1977-10-03,15.595124,15.684751,15.490559,15.684751,4.176274,1215034
1977-10-04,15.654876,15.654876,15.445746,15.475621,4.120591,1407498
1977-10-05,15.475621,15.490559,15.356119,15.378525,4.094737,1332186
1977-10-06,15.378525,15.460684,15.378525,15.408401,4.102693,962320
1977-10-07,15.408401,15.438277,15.341181,15.371056,4.092749,1166499
1977-10-10,15.371056,15.415870,15.326243,15.415870,4.104680,374886
1977-10-11,15.393463,15.393463,15.311305,15.326243,4.080814,843494
1977-10-12,15.296367,15.296367,15.184333,15.251554,4.060928,1318797
1977-10-13,15.251554,15.445746,15.244085,15.385994,4.096726,1534691
1977-10-14,15.385994,15.460684,15.341181,15.408401,4.102693,1814182
1977-10-17,15.408401,15.460684,15.363587,15.460684,4.116612,866925
1977-10-18,15.460684,15.490559,15.371056,15.378525,4.094737,898723
1977-10-19,15.378525,15.385994,15.259022,15.296367,4.072860,873619
1977-10-20,15.296367,15.453215,15.273960,15.400932,4.100703,1275283
1977-10-21,15.400932,15.505497,15.378525,15.460684,4.116612,1563142
1977-10-24,15.460684,15.512966,15.445746,15.460684,4.116612,1656864
1977-10-25,15.371056,15.385994,15.281429,15.371056,4.092749,2060202
1977-10-26,15.371056,15.595124,15.356119,15.565249,4.144455,3151389
1977-10-27,15.565249,15.610062,15.475621,15.550311,4.140479,1728829
1977-10-28,15.542842,15.542842,15.445746,15.468152,4.118602,871946
1977-10-31,15.468152,15.490559,15.356119,15.371056,4.092749,994118
1977-11-01,15.371056,15.393463,15.281429,15.281429,4.068883,1685315
1977-11-02,15.139520,15.139520,14.878107,14.915452,4.010641,3084445
1977-11-03,14.915452,14.982672,14.878107,14.937859,4.016667,2423373
1977-11-04,14.960265,15.117113,14.960265,15.117113,4.064867,3134653
1977-11-07,15.117113,15.132051,15.027486,15.057361,4.048800,1400803
1977-11-08,15.057361,15.079768,14.967734,14.997610,4.032735,1511261
1977-11-09,14.997610,15.102175,14.975203,15.102175,4.060853,1517955
1977-11-10,15.102175,15.505497,15.102175,15.490559,4.165281,2497011
1977-11-11,15.505497,15.580186,15.505497,15.542842,4.179345,1866064
1977-11-14,15.535373,15.535373,15.423339,15.430808,4.149219,1199971
1977-11-15,15.430808,15.714627,15.430808,15.595124,4.193403,1991584
1977-11-16,15.595124,15.625000,15.385994,15.408401,4.143191,1248506
1977-11-17,15.408401,15.490559,15.356119,15.415870,4.145200,1133027
1977-11-18,15.438277,15.587655,15.438277,15.550311,4.181348,1613350
1977-11-21,15.550311,15.595124,15.475621,15.565249,4.185369,1002486
1977-11-22,15.632469,15.908819,15.632469,15.908819,4.277749,2100368
1977-11-23,15.908819,16.088074,15.804254,16.043261,4.313901,1817530
1977-11-25,16.043261,16.088074,15.968571,16.058199,4.317920,965667
1977-11-28,16.058199,16.065666,15.953633,15.953633,4.289803,1847654
1977-11-29,15.953633,15.961102,15.699689,15.707158,4.223526,1789078
1977-11-30,15.707158,15.834130,15.639938,15.774379,4.241602,2239277
1977-12-01,15.774379,15.789316,15.669814,15.714627,4.225535,1000813
1977-12-02,15.714627,15.804254,15.669814,15.804254,4.249633,1273610
1977-12-05,15.804254,15.819192,15.684751,15.722096,4.227543,1213360
1977-12-06,15.677283,15.677283,15.490559,15.565249,4.185369,2510400
1977-12-07,15.565249,15.625000,15.520435,15.595124,4.193403,1815856
1977-12-08,15.602593,15.699689,15.602593,15.677283,4.215493,1151437
1977-12-09,15.677283,15.886413,15.550311,15.804254,4.249633,1805814
1977-12-12,15.804254,15.886413,15.729565,15.729565,4.229549,1089514
1977-12-13,15.729565,15.804254,15.692220,15.789316,4.245615,1002486
1977-12-14,15.789316,15.916288,15.722096,15.908819,4.277749,965667
1977-12-15,15.908819,15.990978,15.819192,15.819192,4.253651,1775690
1977-12-16,15.819192,15.893881,15.759441,15.759441,4.237584,1077798
1977-12-19,15.759441,15.819192,15.684751,15.722096,4.227543,917133
1977-12-20,15.722096,15.796785,15.632469,15.789316,4.245615,1842634
1977-12-21,15.789316,15.938695,15.789316,15.893881,4.273734,1641802
1977-12-22,15.931226,16.013384,15.931226,15.983509,4.297833,2445130
1977-12-23,15.983509,16.147825,15.983509,16.147825,4.342016,3337158
1977-12-27,16.147825,16.170233,16.073135,16.147825,4.342016,1502893
1977-12-28,16.147825,16.207577,16.088074,16.192638,4.354066,1315450
1977-12-29,16.192638,16.342016,16.125418,16.297203,4.382183,1800794
1977-12-30,16.297203,16.446583,16.297203,16.342016,4.394234,1994931
1978-01-03,16.043261,16.312141,16.043261,16.058199,4.317920,1496198
1978-01-04,16.058199,16.177702,15.983509,16.177702,4.350049,2560608
1978-01-05,16.177702,16.237452,15.893881,15.946164,4.287793,2051834
1978-01-06,15.946164,15.953633,15.811723,15.953633,4.289803,1779037
1978-01-09,15.953633,16.065666,15.849068,16.065666,4.319925,3099507
1978-01-10,16.065666,16.117949,15.923757,15.953633,4.289803,3941328
1978-01-11,15.953633,16.020853,15.864006,15.901350,4.275740,2316262
1978-01-12,15.916288,16.028322,15.916288,15.931226,4.283776,2075264
1978-01-13,15.931226,15.998446,15.864006,15.893881,4.273734,1380720
1978-01-16,15.893881,16.013384,15.774379,15.983509,4.297833,1886147
1978-01-17,15.983509,16.088074,15.938695,16.073135,4.321934,1643475
1978-01-18,16.073135,16.117949,15.953633,16.088074,4.325950,1486157
1978-01-19,16.088074,16.088074,15.953633,15.983509,4.297833,1646822
1978-01-20,15.968571,15.968571,15.841599,15.908819,4.277749,1400803
1978-01-23,15.908819,15.908819,15.804254,15.856537,4.263691,2943862
1978-01-24,15.856537,15.953633,15.819192,15.893881,4.273734,1899536
1978-01-25,15.893881,15.976040,15.878944,15.886413,4.271726,1402477
1978-01-26,15.886413,15.931226,15.774379,15.789316,4.245615,1683642
1978-01-27,15.789316,15.878944,15.789316,15.834130,4.257668,1789078
1978-01-30,15.834130,15.946164,15.804254,15.946164,4.287793,1169846
1978-01-31,15.946164,15.946164,15.804254,15.864006,4.265700,1338880
1978-02-01,15.864006,15.916288,15.811723,15.864006,4.265700,1183235
1978-02-02,15.864006,15.908819,15.699689,15.729565,4.229549,1956438
1978-02-03,15.565249,15.565249,15.415870,15.453215,4.201205,1758954
1978-02-06,15.453215,15.460684,15.363587,15.445746,4.199175,985750
1978-02-07,15.445746,15.580186,15.430808,15.580186,4.235723,1149763
1978-02-08,15.580186,15.647407,15.505497,15.542842,4.225571,1213360
1978-02-09,15.542842,15.542842,15.453215,15.520435,4.219480,1005834
1978-02-10,15.520435,15.550311,15.415870,15.415870,4.191051,1024243
1978-02-13,15.415870,15.445746,15.371056,15.438277,4.197144,1688662
1978-02-14,15.400932,15.400932,15.326243,15.371056,4.178866,1077798
1978-02-15,15.371056,15.415870,15.326243,15.371056,4.178866,1447664
1978-02-16,15.311305,15.311305,15.221678,15.296367,4.158561,1881126
1978-02-17,15.296367,15.318774,15.244085,15.251554,4.146378,1717114
1978-02-21,15.251554,15.273960,15.191802,15.251554,4.146378,2321283
1978-02-22,15.251554,15.311305,15.221678,15.221678,4.138258,1638454
1978-02-23,15.221678,15.296367,15.154457,15.296367,4.158561,1755606
1978-02-24,15.296367,15.385994,15.259022,15.333712,4.168716,2167312
1978-02-27,15.333712,15.363587,15.146989,15.161926,4.122015,1112944
1978-02-28,15.161926,15.161926,14.952796,15.012548,4.081401,2050160
1978-03-01,15.012548,15.087237,14.960265,15.027486,4.085464,2021709
1978-03-02,15.027486,15.072299,14.863169,14.878107,4.044849,2967293
1978-03-03,14.878107,14.922921,14.639101,14.654039,3.983936,3204944
1978-03-06,14.594288,14.594288,14.355282,14.392627,3.912865,2761440
1978-03-07,14.407565,14.624163,14.407565,14.624163,3.975813,3030890
1978-03-08,14.624163,14.743666,14.422502,14.706322,3.998147,2701190
1978-03-09,14.706322,14.781011,14.564412,14.594288,3.967694,2865203
1978-03-10,14.594288,14.683915,14.474785,14.504661,3.943323,4098646
1978-03-13,14.504661,14.564412,14.265655,14.280593,3.882407,3715392
1978-03-14,14.295531,14.519598,14.295531,14.474785,3.935203,3430880
1978-03-15,14.467316,14.467316,14.310468,14.347813,3.900684,1939702
1978-03-16,14.347813,14.549474,14.295531,14.534536,3.951446,1683642
1978-03-17,14.534536,14.594288,14.429971,14.571881,3.961601,1553101
1978-03-20,14.571881,14.601757,14.385158,14.385158,3.910834,2011667
1978-03-21,14.385158,14.400096,14.220841,14.295531,3.886470,2520442
1978-03-22,14.295531,14.385158,14.243248,14.310468,3.890530,2100368
1978-03-23,14.310468,14.385158,14.288062,14.325406,3.894591,1218381
1978-03-27,14.280593,14.280593,14.176028,14.235779,3.870224,1531344
1978-03-28,14.235779,14.332875,14.168559,14.317937,3.892559,1404150
1978-03-29,14.317937,14.340344,14.250717,14.250717,3.874285,1328838
1978-03-30,14.243248,14.243248,14.183497,14.213372,3.864131,1275283
1978-03-31,14.198435,14.198435,14.056525,14.071463,3.825553,2858509
1978-04-03,14.116276,14.116276,14.026649,14.116276,3.837737,1901210
1978-04-04,14.116276,14.243248,14.108807,14.220841,3.866163,2968966
1978-04-05,14.235779,14.429971,14.235779,14.422502,3.920988,2254339
1978-04-06,14.422502,14.579350,14.370220,14.377689,3.908805,2987376
1978-04-07,14.377689,14.519598,14.325406,14.392627,3.912865,1879453
1978-04-10,14.392627,14.429971,14.325406,14.400096,3.914896,1951418
1978-04-11,14.370220,14.370220,14.303000,14.332875,3.896621,1692010
1978-04-12,14.332875,14.459847,14.116276,14.116276,3.837737,2445130
1978-04-13,14.116276,14.310468,14.071463,14.310468,3.890530,5993162
1978-04-14,14.370220,14.579350,14.370220,14.549474,3.955509,4041744
1978-04-17,15.154457,15.154457,14.840762,15.005079,4.079371,5101133
1978-04-18,15.005079,15.117113,14.870638,15.012548,4.081401,3866016
1978-04-19,15.012548,15.176864,14.915452,15.117113,4.109830,2557261
1978-04-20,15.117113,15.408401,15.087237,15.146989,4.117953,2930474
1978-04-21,15.146989,15.266491,15.064830,15.176864,4.126074,2373165
1978-04-24,15.176864,15.430808,15.117113,15.415870,4.191051,1840960
1978-04-25,15.610062,15.774379,15.610062,15.639938,4.251969,6262611
1978-04-26,15.639938,15.834130,15.617531,15.677283,4.262120,4604074
1978-04-27,15.639938,15.639938,15.527904,15.625000,4.247908,2840099
1978-04-28,15.625000,15.893881,15.557780,15.893881,4.321006,2679434
1978-05-01,15.893881,16.058199,15.796785,15.953633,4.337251,2276096
1978-05-02,15.953633,15.990978,15.864006,15.893881,4.321006,1725482
1978-05-03,15.893881,15.908819,15.699689,15.729565,4.276330,2384880
1978-05-04,15.610062,15.610062,15.415870,15.572717,4.280525,3919571
1978-05-05,15.602593,15.804254,15.602593,15.684751,4.311314,1526323
1978-05-08,15.684751,15.744503,15.475621,15.512966,4.264099,1139722
1978-05-09,15.512966,15.557780,15.445746,15.550311,4.274363,1278630
1978-05-10,15.550311,15.587655,15.475621,15.520435,4.266150,1245158
1978-05-11,15.520435,15.849068,15.498028,15.849068,4.356483,1427581
1978-05-12,15.849068,15.908819,15.684751,15.692220,4.313372,1927987
1978-05-15,15.692220,15.908819,15.610062,15.893881,4.368801,1772342
1978-05-16,15.901350,16.043261,15.901350,15.968571,4.389332,3805766
1978-05-17,15.968571,15.990978,15.834130,15.893881,4.368801,3556400
1978-05-18,15.893881,15.908819,15.804254,15.804254,4.344165,1683642
1978-05-19,15.804254,15.811723,15.595124,15.662345,4.305156,1671926
1978-05-22,15.662345,15.938695,15.654876,15.938695,4.381121,1399130
1978-05-23,15.893881,15.893881,15.684751,15.722096,4.321582,1397456
1978-05-24,15.684751,15.684751,15.535373,15.684751,4.311314,1297040
1978-05-25,15.684751,15.774379,15.565249,15.610062,4.290785,1245158
1978-05-26,15.610062,15.647407,15.565249,15.580186,4.282576,1263568
1978-05-30,15.580186,15.639938,15.527904,15.602593,4.288733,1328838
1978-05-31,15.602593,15.677283,15.430808,15.430808,4.241517,1352269
1978-06-01,15.430808,15.505497,15.296367,15.363587,4.223036,2481949
1978-06-02,15.363587,15.580186,15.348650,15.580186,4.282576,1158131
1978-06-05,15.580186,15.893881,15.565249,15.886413,4.366751,1933008
1978-06-06,15.893881,16.043261,15.893881,15.893881,4.368801,2416678
1978-06-07,15.893881,15.931226,15.804254,15.849068,4.356483,2391574
1978-06-08,15.849068,16.117949,15.834130,16.013384,4.401649,2918758
1978-06-09,16.013384,16.132887,15.968571,16.073135,4.418073,2175680
1978-06-12,16.073135,16.215046,15.983509,16.005915,4.399596,1832592
1978-06-13,15.938695,16.386831,15.938695,16.386831,4.504299,1367331
1978-06-14,16.386831,16.506334,16.192638,16.200108,4.452977,3280256
1978-06-15,16.200108,16.282267,16.073135,16.132887,4.434499,1263568
1978-06-16,16.132887,16.170233,15.893881,15.908819,4.372908,1541386
1978-06-19,15.908819,16.132887,15.878944,16.088074,4.422179,1412518
1978-06-20,16.088074,16.117949,15.864006,15.886413,4.366751,1476115
1978-06-21,15.886413,16.028322,15.841599,16.013384,4.401649,1594941
1978-06-22,15.953633,15.953633,15.849068,15.916288,4.374959,1591594
1978-06-23,15.916288,15.923757,15.669814,15.684751,4.311314,1457706
1978-06-26,15.684751,15.684751,15.400932,15.430808,4.241517,1524650
1978-06-27,15.430808,15.654876,15.430808,15.587655,4.284629,1767322
1978-06-28,15.587655,15.647407,15.445746,15.639938,4.299000,1422560
1978-06-29,15.639938,15.669814,15.475621,15.512966,4.264099,1144742
1978-06-30,15.512966,15.550311,15.371056,15.371056,4.225090,761488
1978-07-03,15.371056,15.385994,15.236616,15.341181,4.216879,667766
1978-07-05,15.341181,15.505497,15.251554,15.415870,4.237408,1713766
1978-07-06,15.415870,15.475621,15.333712,15.438277,4.243568,1335533
1978-07-07,15.438277,15.572717,15.400932,15.565249,4.278469,853536
1978-07-10,15.565249,15.587655,15.460684,15.535373,4.270257,1005834
1978-07-11,15.535373,15.580186,15.460684,15.460684,4.249728,1889494
1978-07-12,15.460684,15.520435,15.438277,15.438277,4.243568,1169846
1978-07-13,15.438277,15.505497,15.333712,15.498028,4.259992,1035958
1978-07-14,15.498028,15.998446,15.498028,15.983509,4.393438,2853488
1978-07-17,15.983509,16.140356,15.893881,15.893881,4.368801,4036723
1978-07-18,15.893881,15.946164,15.774379,15.804254,4.344165,1958112
1978-07-19,15.893881,16.117949,15.893881,16.117949,4.430395,1978195
1978-07-20,16.117949,16.252390,15.998446,16.020853,4.403701,3024195
1978-07-21,16.020853,16.147825,15.953633,16.147825,4.438604,1353942
1978-07-24,16.147825,16.192638,15.998446,16.192638,4.450921,1794099
1978-07-25,16.192638,16.312141,16.088074,16.312141,4.483772,2500358
1978-07-26,16.312141,16.536209,16.312141,16.342016,4.491980,4399894
1978-07-27,16.342016,16.506334,16.312141,16.506334,4.537148,2515421
1978-07-28,16.506334,16.700525,16.461519,16.648243,4.576154,2891981
1978-07-31,16.655712,16.820028,16.655712,16.790154,4.615165,2220867
1978-08-01,16.790154,16.834967,16.670650,16.678120,4.584371,2985702
1978-08-02,16.678120,17.507170,16.670650,17.507170,4.812249,3728781
1978-08-03,17.507170,17.626673,17.029160,17.029160,4.727326,4408262
1978-08-04,17.029160,17.305510,16.999283,17.238289,4.785382,2948883
1978-08-07,17.238289,17.357792,17.088909,17.088909,4.743915,3824176
1978-08-08,17.088909,17.312979,17.029160,17.312979,4.806114,3248458
1978-08-09,17.312979,17.522108,17.238289,17.253227,4.789525,5196528
1978-08-10,17.253227,17.402605,17.133724,17.178537,4.768794,1876106
1978-08-11,17.186007,17.372728,17.186007,17.268164,4.793675,1395782
1978-08-14,17.268164,17.417543,17.245758,17.245758,4.787451,1533018
1978-08-15,17.245758,17.417543,17.133724,17.417543,4.835142,1377373
1978-08-16,17.417543,17.835802,17.372728,17.731237,4.922223,3613302
1978-08-17,17.731237,17.888086,17.611734,17.641611,4.897344,2486970
1978-08-18,17.641611,17.910492,17.537046,17.551985,4.872462,1852675
1978-08-21,17.551985,17.671488,17.462357,17.529577,4.866244,1384067
1978-08-22,17.529577,17.783522,17.507170,17.716299,4.918076,1809162
1978-08-23,17.746176,17.970243,17.746176,17.790989,4.938810,2224214
1978-08-24,17.790989,17.925430,17.716299,17.746176,4.926370,1680294
1978-08-25,17.746176,17.895554,17.723768,17.761114,4.930517,1310429
1978-08-28,17.761114,17.768583,17.596798,17.626673,4.893197,1010854
1978-08-29,17.626673,17.701363,17.417543,17.477295,4.851729,1029264
1978-08-30,17.477295,17.626673,17.477295,17.507170,4.860020,815043
1978-08-31,17.507170,17.566921,17.417543,17.439951,4.841362,768182
1978-09-01,17.447418,17.619204,17.447418,17.537046,4.868314,1072778
1978-09-05,17.559452,17.985182,17.559452,17.985182,4.992721,2030077
1978-09-06,17.985182,18.104685,17.895554,17.925430,4.976131,2635920
1978-09-07,17.925430,18.074808,17.776052,17.880617,4.963691,1804141
1978-09-08,17.880617,18.194311,17.850740,18.194311,5.050770,2092000
1978-09-11,18.127090,18.127090,17.895554,17.895554,4.967838,1395782
1978-09-12,17.895554,17.977713,17.850740,17.977713,4.990645,1466074
1978-09-13,17.977713,18.007587,17.626673,17.626673,4.893197,1876106
1978-09-14,17.626673,17.708832,17.499701,17.537046,4.868314,1405824
1978-09-15,17.537046,17.596798,17.268164,17.312979,4.806114,1534691
1978-09-18,17.312979,17.439951,17.178537,17.268164,4.793675,2753072
1978-09-19,17.268164,17.402605,17.118786,17.118786,4.752204,1335533
1978-09-20,17.118786,17.238289,16.879780,16.999283,4.719030,1678621
1978-09-21,16.999283,17.073973,16.760277,16.969406,4.710739,1866064
1978-09-22,16.969406,16.999283,16.969406,16.969406,4.710739,1635107
1978-09-25,16.730402,16.820028,16.581022,16.760277,4.652681,1871085
1978-09-26,16.760277,16.879780,16.707994,16.790154,4.660979,1425907
1978-09-27,16.790154,16.849903,16.401770,16.431644,4.561458,1432602
1978-09-28,16.431644,16.670650,16.342016,16.551147,4.594628,1623392
1978-09-29,16.551147,16.640774,16.506334,16.551147,4.594628,1521302
1978-10-02,16.551147,16.760277,16.543678,16.760277,4.652681,1233443
1978-10-03,16.760277,16.820028,16.521273,16.528740,4.588410,1576531
1978-10-04,16.528740,16.849903,16.431644,16.849903,4.677566,2110410
1978-10-05,16.849903,16.849903,16.618368,16.670650,4.627802,2088653
1978-10-06,16.670650,16.820028,16.655712,16.655712,4.623655,1084493
1978-10-09,16.685589,16.909657,16.685589,16.909657,4.694153,1402477
1978-10-10,16.909657,16.939531,16.760277,16.805092,4.665123,1266915
1978-10-11,16.805092,17.357792,16.760277,17.357792,4.818555,1516282
1978-10-12,17.357792,17.537046,17.044098,17.148663,4.760499,4088605
1978-10-13,17.148663,17.238289,17.014221,17.088909,4.743915,1795773
1978-10-16,17.088909,17.088909,16.670650,16.670650,4.627802,1531344
1978-10-17,16.670650,16.715464,16.446583,16.670650,4.627802,2945536
1978-10-18,16.670650,16.715464,16.551147,16.715464,4.640242,2406637
1978-10-19,16.715464,16.775215,16.491396,16.491396,4.578040,2088653
1978-10-20,16.491396,16.581022,16.349485,16.558617,4.596702,3062688
1978-10-23,16.558617,16.640774,16.371893,16.610899,4.611219,2406637
1978-10-24,16.610899,16.625837,16.431644,16.431644,4.561458,1790752
1978-10-25,16.431644,16.581022,16.282267,16.356955,4.540720,2361450
1978-10-26,16.356955,16.439114,16.192638,16.289736,4.522060,1631760
1978-10-27,16.289736,16.364424,16.073135,16.103010,4.470223,2483622
1978-10-30,16.103010,16.312141,15.923757,16.312141,4.528283,3169798
1978-10-31,15.744503,16.282267,15.744503,15.789316,4.383142,3243437
1978-11-01,15.849068,16.521273,15.849068,16.498865,4.630584,3733802
1978-11-02,16.297203,16.297203,16.013384,16.095543,4.517388,3728781
1978-11-03,16.095543,16.222513,15.968571,16.043261,4.502712,3022522
1978-11-06,16.028322,16.028322,15.774379,15.781848,4.429343,1466074
1978-11-07,15.729565,15.729565,15.498028,15.669814,4.397900,2547219
1978-11-08,15.669814,15.893881,15.572717,15.886413,4.458693,2182374
1978-11-09,15.886413,15.938695,15.699689,15.759441,4.423056,2145555
1978-11-10,15.759441,15.864006,15.729565,15.751972,4.420959,1087840
1978-11-13,15.751972,15.804254,15.512966,15.520435,4.355974,1501219
1978-11-14,15.520435,15.557780,15.296367,15.535373,4.360166,2028403
1978-11-15,15.535373,15.669814,15.415870,15.445746,4.335014,2107062
1978-11-16,15.490559,15.610062,15.490559,15.595124,4.376940,1569837
1978-11-17,15.595124,15.669814,15.595124,15.595124,4.376940,1559795
1978-11-20,15.610062,15.804254,15.610062,15.759441,4.423056,1543059
1978-11-21,15.759441,15.849068,15.677283,15.774379,4.427250,1979869
1978-11-22,15.774379,16.013384,15.774379,16.013384,4.494325,1266915
1978-11-24,16.162764,16.162764,15.938695,16.095543,4.517388,1435949
1978-11-27,16.095543,16.237452,16.028322,16.207577,4.548828,1163152
1978-11-28,16.207577,16.252390,15.983509,16.005915,4.492231,2326304
1978-11-29,15.983509,15.983509,15.819192,15.864006,4.452402,1656864
1978-11-30,15.864006,16.132887,15.834130,16.103010,4.519482,1531344
1978-12-01,16.170233,16.401770,16.170233,16.334549,4.584464,2421699
1978-12-04,16.334549,16.409239,16.237452,16.356955,4.590753,1454358
1978-12-05,16.394300,16.633305,16.394300,16.603430,4.659929,2234256
1978-12-06,16.603430,16.700525,16.491396,16.610899,4.662028,2281117
1978-12-07,16.610899,16.625837,16.431644,16.491396,4.628486,1586573
1978-12-08,16.491396,16.521273,16.356955,16.386831,4.599138,933869
1978-12-11,16.401770,16.655712,16.401770,16.610899,4.662028,1574858
1978-12-12,16.610899,16.640774,16.461519,16.491396,4.628486,1477789
1978-12-13,16.491396,16.521273,16.379362,16.386831,4.599138,1290346
1978-12-14,16.386831,16.431644,16.312141,16.386831,4.599138,1727155
1978-12-15,16.386831,16.454050,16.252390,16.454050,4.618006,1363984
1978-12-18,16.244921,16.244921,16.095543,16.140356,4.529965,1795773
1978-12-19,16.155294,16.924595,16.155294,16.902187,4.743781,3375651
1978-12-20,16.902187,17.059034,16.812559,16.991814,4.768930,4408262
1978-12-21,16.991814,17.021690,16.849903,16.954470,4.758453,2322957
1978-12-22,17.029160,17.626673,17.029160,17.626673,4.947114,3373978
1978-12-26,17.641611,18.522945,17.641611,18.493069,5.190278,5405728
1978-12-27,18.313814,18.313814,17.955305,18.074808,5.072887,3815808
1978-12-28,18.074808,18.403442,18.074808,18.164436,5.098042,3057667
1978-12-29,18.164436,18.313814,17.805927,17.835802,5.005806,2212499
1979-01-02,17.835802,18.224188,17.596798,18.134560,5.089655,2794912
1979-01-03,18.194311,18.448256,18.194311,18.313814,5.139969,3054320
1979-01-04,18.313814,18.463194,18.164436,18.224188,5.114815,3405776
1979-01-05,18.231655,18.343691,18.231655,18.283939,5.131584,1812509
1979-01-08,18.269001,18.269001,18.074808,18.194311,5.106423,2071917
1979-01-09,18.283939,18.425848,18.283939,18.283939,5.131584,1882800
1979-01-10,18.283939,18.373566,18.216719,18.246593,5.121104,1303734
1979-01-11,18.246593,18.642447,18.209249,18.612572,5.223818,2831731
1979-01-12,18.612572,18.754480,18.567759,18.687262,5.244779,4122077
1979-01-15,18.687262,18.896391,18.657385,18.851578,5.290895,3614976
1979-01-16,18.799295,18.799295,18.448256,18.500538,5.192373,2595754
1979-01-17,18.500538,18.642447,18.313814,18.537882,5.202854,2127146
1979-01-18,18.537882,18.642447,18.463194,18.582697,5.215432,1404150
1979-01-19,18.567759,18.567759,18.283939,18.313814,5.139969,2018362
1979-01-22,18.313814,18.642447,18.239124,18.612572,5.223818,2814995
1979-01-23,18.612572,18.702200,18.522945,18.597633,5.219625,2041792
1979-01-24,18.597633,18.597633,18.388504,18.433317,5.173504,1929661
1979-01-25,18.478130,18.642447,18.478130,18.642447,5.232205,1599962
1979-01-26,18.642447,18.732075,18.582697,18.702200,5.248975,1840960
1979-01-29,18.702200,18.717136,18.567759,18.597633,5.219625,1451011
1979-01-30,18.605103,18.791826,18.605103,18.642447,5.232205,1702051
1979-01-31,18.642447,18.672323,18.440786,18.448256,5.177698,1656864
1979-02-01,18.448256,18.582697,18.410912,18.582697,5.215432,1621718
1979-02-02,18.582697,18.582697,18.381035,18.418381,5.169318,1422560
1979-02-05,18.321283,18.321283,18.194311,18.269001,5.127389,1994931
1979-02-06,18.269001,18.313814,18.104685,18.134560,5.089655,2229235
1979-02-07,17.910492,17.910492,17.753645,17.835802,5.063195,2818342
1979-02-08,17.873148,17.962774,17.873148,17.903023,5.082282,1303734
1979-02-09,17.932899,18.037464,17.932899,18.029995,5.118322,1524650
1979-02-12,18.029995,18.343691,17.910492,18.321283,5.201016,1317123
1979-02-13,18.328753,18.522945,18.328753,18.410912,5.226457,2219194
1979-02-14,18.410912,18.418381,18.164436,18.254063,5.181931,1379046
1979-02-15,18.254063,18.433317,18.194311,18.418381,5.228580,1122986
1979-02-16,18.403442,18.403442,18.283939,18.313814,5.198895,1171520
1979-02-20,18.313814,18.425848,18.224188,18.403442,5.224336,1310429
1979-02-21,18.403442,18.440786,18.261532,18.283939,5.190415,1151437
1979-02-22,18.254063,18.254063,18.052402,18.142029,5.150127,1427581
1979-02-23,18.134560,18.134560,18.000120,18.059872,5.126807,838474
1979-02-26,18.074808,18.209249,18.074808,18.164436,5.156488,773203
1979-02-27,18.164436,18.164436,17.813396,17.873148,5.073799,1998278
1979-02-28,17.873148,17.985182,17.843271,17.925430,5.088638,1385741
1979-03-01,17.925430,18.015057,17.843271,17.985182,5.105603,1363984
1979-03-02,17.985182,18.000120,17.880617,17.970243,5.101360,1044326
1979-03-05,18.052402,18.388504,18.052402,18.291409,5.192534,1564816
1979-03-06,18.291409,18.313814,18.149498,18.156967,5.154370,1549754
1979-03-07,18.171906,18.388504,18.171906,18.209249,5.169209,1295366
1979-03-08,18.209249,18.493069,18.179375,18.463194,5.241299,1210013
1979-03-09,18.463194,18.515476,18.373566,18.388504,5.220099,1501219
1979-03-12,18.388504,18.522945,18.254063,18.522945,5.258262,1859370
1979-03-13,18.522945,18.627510,18.410912,18.433317,5.232815,2028403
1979-03-14,18.433317,18.508007,18.328753,18.373566,5.215856,1347248
1979-03-15,18.373566,18.440786,18.239124,18.336222,5.205258,1146416
1979-03-16,18.336222,18.478130,18.328753,18.448256,5.237056,1134701
1979-03-19,18.485600,18.657385,18.485600,18.560289,5.268864,1538038
1979-03-20,18.560289,18.620041,18.493069,18.552820,5.266739,1199971
1979-03-21,18.552820,18.881453,18.537882,18.881453,5.360035,2003299
1979-03-22,18.881453,18.971081,18.806765,18.881453,5.360035,2163965
1979-03-23,18.881453,18.941204,18.806765,18.821701,5.343073,1559795
1979-03-26,18.791826,18.791826,18.642447,18.657385,5.296425,1511261
1979-03-27,18.687262,19.165272,18.687262,19.165272,5.440606,2364797
1979-03-28,19.112989,19.112989,18.941204,18.986017,5.389720,2565629
1979-03-29,18.986017,19.083115,18.926268,18.986017,5.389720,1886147
1979-03-30,18.986017,19.038301,18.791826,18.851578,5.351552,1496198
1979-04-02,18.851578,18.851578,18.672323,18.769419,5.328230,1606656
1979-04-03,18.791826,19.105520,18.791826,19.090584,5.419402,2100368
1979-04-04,19.090584,19.202618,18.881453,18.971081,5.385478,2384880
1979-04-05,18.971081,19.165272,18.956142,19.165272,5.440606,1723808
1979-04-06,19.142866,19.142866,18.986017,19.030832,5.402438,1292019
1979-04-09,19.030832,19.105520,18.941204,19.060707,5.410920,1420886
1979-04-10,19.060707,19.239962,19.053240,19.120459,5.427885,1698704
1979-04-11,19.120459,19.210087,18.642447,18.642447,5.292190,3372304
1979-04-12,18.642447,18.776888,18.582697,18.627510,5.287942,1866064
1979-04-16,18.627510,18.724606,18.582697,18.620041,5.285822,1645149
1979-04-17,18.620041,18.732075,18.597633,18.672323,5.300668,1564816
1979-04-18,18.672323,18.761950,18.642447,18.642447,5.292190,1459379
1979-04-19,18.642447,18.694731,18.418381,18.455725,5.239180,1348922
1979-04-20,18.455725,18.478130,18.298878,18.328753,5.203135,2075264
1979-04-23,18.343691,18.537882,18.343691,18.522945,5.258262,2063549
1979-04-24,18.522945,18.694731,18.508007,18.537882,5.262501,1717114
1979-04-25,18.537882,18.657385,18.515476,18.642447,5.292190,1345574
1979-04-26,18.642447,18.642447,18.433317,18.455725,5.239180,1939702
1979-04-27,18.455725,18.552820,18.373566,18.552820,5.266739,1645149
1979-04-30,18.552820,18.776888,18.508007,18.776888,5.330350,1956438
1979-05-01,18.776888,18.971081,18.776888,18.859047,5.353670,1984890
1979-05-02,18.859047,19.030832,18.821701,19.000956,5.393956,1651843
1979-05-03,19.000956,19.210087,19.000956,19.105520,5.423641,2493664
1979-05-04,18.971081,18.971081,18.582697,18.597633,5.336882,2040118
1979-05-07,18.515476,18.515476,18.410912,18.463194,5.298302,1412518
1979-05-08,18.463194,18.657385,18.440786,18.642447,5.349745,2117104
1979-05-09,18.642447,18.687262,18.508007,18.508007,5.311162,1419213
1979-05-10,18.508007,18.530413,18.283939,18.358627,5.268295,1241811
1979-05-11,18.373566,18.463194,18.373566,18.425848,5.287585,1126333
1979-05-14,18.425848,18.508007,18.373566,18.403442,5.281153,835126
1979-05-15,18.403442,18.522945,18.224188,18.224188,5.229716,1606656
1979-05-16,18.224188,18.343691,18.089746,18.328753,5.259720,1444317
1979-05-17,18.328753,18.493069,18.283939,18.493069,5.306874,1189930
1979-05-18,18.493069,18.508007,18.343691,18.373566,5.272581,1201645
1979-05-21,18.373566,18.455725,18.358627,18.418381,5.285442,1101229
1979-05-22,18.418381,18.552820,18.373566,18.463194,5.298302,1261894
1979-05-23,18.463194,18.552820,18.283939,18.283939,5.246862,1102902
1979-05-24,18.283939,18.373566,18.239124,18.328753,5.259720,1203318
1979-05-25,18.328753,18.366096,18.298878,18.328753,5.259720,687850
1979-05-29,18.328753,18.358627,18.269001,18.343691,5.264010,943910
1979-05-30,18.306347,18.306347,18.104685,18.142029,5.206136,1215034
1979-05-31,18.142029,18.209249,18.059872,18.164436,5.212568,2167312
1979-06-01,18.254063,18.254063,18.134560,18.224188,5.229716,958973
1979-06-04,18.224188,18.254063,18.104685,18.164436,5.212568,819227
1979-06-05,18.194311,18.642447,18.194311,18.612572,5.341168,1361892
1979-06-06,18.612572,18.702200,18.493069,18.522945,5.315449,1479044
1979-06-07,18.552820,18.702200,18.552820,18.612572,5.341168,1148508
1979-06-08,18.612572,18.612572,18.373566,18.493069,5.306874,1305826
1979-06-11,18.493069,18.552820,18.313814,18.522945,5.315449,1190348
1979-06-12,18.522945,18.761950,18.522945,18.642447,5.349745,2142626
1979-06-13,18.642447,18.642447,17.985182,18.015057,5.169699,2542617
1979-06-14,17.985182,17.985182,17.626673,17.835802,5.118257,2628807
1979-06-15,17.835802,17.925430,17.656549,17.746176,5.092543,2164383
1979-06-18,17.686424,17.686424,17.357792,17.387667,4.989661,1499127
1979-06-19,17.387667,17.566921,17.268164,17.357792,4.981088,1651006
1979-06-20,17.357792,17.626673,17.238289,17.447418,5.006809,2507053
1979-06-21,17.447418,17.805927,17.417543,17.566921,5.041100,1883637
1979-06-22,17.656549,17.746176,17.656549,17.716299,5.083966,1273610
1979-06-25,17.716299,17.805927,17.537046,17.656549,5.066823,1210013
1979-06-26,17.746176,17.746176,17.327915,17.387667,4.989661,1602890
1979-06-27,17.447418,17.805927,17.447418,17.566921,5.041100,1415447
1979-06-28,17.596798,17.716299,17.596798,17.656549,5.066823,1009181
1979-06-29,17.656549,17.716299,17.447418,17.537046,5.032526,1297040
1979-07-02,17.537046,17.596798,17.178537,17.298040,4.963940,1488667
1979-07-03,17.298040,17.327915,17.238289,17.298040,4.963940,874874
1979-07-05,17.298040,17.298040,17.148663,17.238289,4.946795,1302061
1979-07-06,17.238289,18.343691,17.178537,17.596798,5.049671,1671926
1979-07-09,17.596798,17.686424,17.417543,17.566921,5.041100,1227167
1979-07-10,17.566921,17.596798,17.208412,17.268164,4.955369,1580297
1979-07-11,17.268164,17.298040,16.999283,17.118786,4.912500,1590338
1979-07-12,17.088909,17.088909,16.730402,16.760277,4.809623,2546801
1979-07-13,16.730402,16.730402,16.491396,16.730402,4.801051,4131700
1979-07-16,16.730402,16.879780,16.670650,16.849903,4.835344,1528834
1979-07-17,16.820028,16.820028,16.551147,16.551147,4.749608,2339274
1979-07-18,16.551147,16.610899,16.371893,16.610899,4.766758,2320028
1979-07-19,16.610899,16.730402,16.581022,16.610899,4.766758,1580297
1979-07-20,16.610899,16.760277,16.610899,16.670650,4.783904,2122962
1979-07-23,16.581022,16.581022,16.342016,16.521273,4.741035,1748075
1979-07-24,16.521273,16.640774,16.461519,16.461519,4.723889,1282396
1979-07-25,16.521273,16.640774,16.521273,16.610899,4.766758,1540130
1979-07-26,16.581022,16.581022,16.371893,16.371893,4.698171,2067733
1979-07-27,16.371893,16.610899,16.252390,16.371893,4.698171,1615442
1979-07-30,16.371893,16.670650,16.371893,16.521273,4.741035,910020
1979-07-31,16.551147,16.730402,16.551147,16.670650,4.783904,1303316
1979-08-01,16.670650,16.730402,16.551147,16.730402,4.801051,1340554
1979-08-02,16.730402,16.790154,16.551147,16.640774,4.775332,1434694
1979-08-03,16.610899,16.610899,16.431644,16.461519,4.723889,1099137
1979-08-06,16.461519,16.581022,16.312141,16.551147,4.749608,1311266
1979-08-07,16.610899,16.999283,16.610899,16.909657,4.852489,2739683
1979-08-08,16.820028,16.820028,16.521273,16.581022,4.816733,2438854
1979-08-09,16.551147,16.551147,16.431644,16.461519,4.782017,2438854
1979-08-10,16.461519,16.849903,16.371893,16.820028,4.886160,2102878
1979-08-13,16.820028,16.820028,16.670650,16.790154,4.877485,2045976
1979-08-14,16.790154,16.820028,16.670650,16.790154,4.877485,2233001
1979-08-15,16.790154,17.298040,16.700525,17.268164,5.016346,2084887
1979-08-16,17.268164,17.327915,16.969406,17.118786,4.972950,1994931
1979-08-17,17.118786,17.178537,16.969406,17.029160,4.946915,1182398
1979-08-20,17.029160,17.178537,16.939531,17.118786,4.972950,1465655
1979-08-21,17.118786,17.118786,16.849903,16.939531,4.920879,1094116
1979-08-22,16.939531,16.999283,16.820028,16.849903,4.894843,2224633
1979-08-23,16.849903,16.909657,16.610899,16.640774,4.834091,1639710
1979-08-24,16.640774,16.849903,16.521273,16.640774,4.834091,1410008
1979-08-27,16.640774,16.879780,16.610899,16.730402,4.860129,1417958
1979-08-28,16.730402,16.760277,16.640774,16.730402,4.860129,1645986
1979-08-29,16.730402,16.790154,16.640774,16.640774,4.834091,1226749
1979-08-30,16.640774,16.730402,16.610899,16.610899,4.825413,858975
1979-08-31,16.670650,16.730402,16.670650,16.730402,4.860129,1122567
1979-09-04,16.700525,16.700525,16.371893,16.401770,4.764662,1596196
1979-09-05,16.371893,16.371893,16.073135,16.312141,4.738624,2900349
1979-09-06,16.312141,16.312141,16.132887,16.162764,4.695227,1322562
1979-09-07,16.162764,16.252390,16.103010,16.192638,4.703907,1701214
1979-09-10,16.192638,16.222513,16.103010,16.132887,4.686550,1279467
1979-09-11,16.132887,16.192638,15.804254,15.893881,4.617120,1951836
1979-09-12,15.893881,15.923757,15.714627,15.834130,4.599761,2731315
1979-09-13,15.834130,15.983509,15.804254,15.953633,4.634476,1670671
1979-09-14,15.953633,16.342016,15.893881,16.222513,4.712589,2100786
1979-09-17,16.342016,16.551147,16.342016,16.371893,4.755980,2254758
1979-09-18,16.371893,16.371893,16.192638,16.222513,4.712589,1705817
1979-09-19,16.222513,16.401770,16.192638,16.192638,4.703907,1658956
1979-09-20,16.192638,17.059034,16.162764,17.029160,4.946915,1840542
1979-09-21,16.969406,16.969406,16.581022,16.730402,4.860129,2619602
1979-09-24,16.700525,16.700525,16.192638,16.222513,4.712589,2199529
1979-09-25,16.222513,16.551147,15.893881,16.401770,4.764662,2658514
1979-09-26,16.401770,16.610899,16.252390,16.282267,4.729944,2071498
1979-09-27,16.282267,16.431644,16.162764,16.312141,4.738624,1525068
1979-09-28,16.312141,16.371893,16.132887,16.192638,4.703907,1338880
1979-10-01,16.162764,16.162764,16.013384,16.162764,4.695227,1096208
1979-10-02,16.162764,16.431644,16.073135,16.312141,4.738624,1663977
1979-10-03,16.312141,16.491396,16.282267,16.312141,4.738624,1485320
1979-10-04,16.312141,16.461519,16.312141,16.401770,4.764662,1128843
1979-10-05,16.401770,16.610899,16.371893,16.461519,4.782017,1535528
1979-10-08,16.461519,16.491396,16.013384,16.103010,4.677871,1771087
1979-10-09,16.103010,16.103010,15.774379,15.774379,4.582407,2414586
1979-10-10,15.774379,16.192638,15.535373,16.192638,4.703907,4347176
1979-10-11,16.162764,16.162764,15.834130,15.893881,4.617120,2367726
1979-10-12,15.893881,16.043261,15.684751,15.714627,4.565050,1958530
1979-10-15,15.714627,15.744503,15.535373,15.625000,4.539009,2724202
1979-10-16,15.625000,15.714627,15.296367,15.326243,4.452224,3997394
1979-10-17,15.326243,15.415870,15.087237,15.117113,4.391472,2104970
1979-10-18,15.117113,15.236616,15.027486,15.027486,4.365437,2617510
1979-10-19,15.027486,15.057361,14.758604,14.788480,4.296003,2392830
1979-10-22,14.788480,15.385994,14.609226,14.937859,4.339400,2601611
1979-10-23,14.937859,15.146989,14.818356,14.997610,4.356756,2367726
1979-10-24,14.997610,15.087237,14.907983,14.937859,4.339400,2504124
1979-10-25,14.937859,15.027486,14.758604,14.848231,4.313360,1410426
1979-10-26,14.848231,14.907983,14.758604,14.878107,4.322038,1255618
1979-10-29,14.878107,15.027486,14.878107,14.937859,4.339400,1070686
1979-10-30,14.937859,15.296367,14.937859,15.296367,4.443542,1482810
1979-10-31,15.296367,15.326243,14.907983,14.907983,4.330719,1740962
1979-11-01,14.907983,15.206740,14.878107,15.176864,4.408829,1393272
1979-11-02,15.176864,15.236616,15.117113,15.117113,4.391472,1094953
1979-11-05,15.117113,15.117113,14.997610,15.087237,4.382792,1048929
1979-11-06,15.087237,15.087237,14.937859,14.997610,4.356756,1253526
1979-11-07,14.818356,14.818356,14.639101,14.698853,4.329304,1641383
1979-11-08,14.698853,14.848231,14.609226,14.788480,4.355699,2274841
1979-11-09,14.788480,14.937859,14.728728,14.758604,4.346902,2197018
1979-11-12,14.758604,15.027486,14.728728,15.027486,4.426093,1823806
1979-11-13,14.997610,14.997610,14.818356,14.878107,4.382097,1432183
1979-11-14,14.878107,15.057361,14.818356,14.937859,4.399700,1830500
1979-11-15,14.937859,15.117113,14.818356,14.937859,4.399700,2171496
1979-11-16,14.907983,14.907983,14.758604,14.818356,4.364500,1486994
1979-11-19,14.818356,14.907983,14.758604,14.788480,4.355699,1373189
1979-11-20,14.788480,14.937859,14.698853,14.728728,4.338102,1723808
1979-11-21,14.728728,14.788480,14.639101,14.728728,4.338102,1639291
1979-11-23,14.758604,14.878107,14.758604,14.818356,4.364500,1228422
1979-11-26,14.907983,15.445746,14.907983,15.445746,4.549286,2253921
1979-11-27,15.445746,15.595124,15.356119,15.415870,4.540487,2839681
1979-11-28,15.415870,16.013384,15.326243,15.714627,4.628482,2186140
1979-11-29,15.714627,15.834130,15.625000,15.714627,4.628482,1366913
1979-11-30,15.654876,15.654876,15.505497,15.595124,4.593287,1187838
1979-12-03,15.565249,15.565249,15.415870,15.535373,4.575684,874038
1979-12-04,15.535373,15.625000,15.505497,15.625000,4.602083,1220891
1979-12-05,15.654876,15.864006,15.654876,15.714627,4.628482,1579878
1979-12-06,15.714627,16.073135,15.625000,16.073135,4.734075,1186164
1979-12-07,16.073135,16.162764,15.864006,15.923757,4.690079,2436762
1979-12-10,15.923757,15.923757,15.804254,15.864006,4.672476,1076125
1979-12-11,15.864006,15.953633,15.684751,15.684751,4.619681,1648078
1979-12-12,15.684751,15.714627,15.565249,15.595124,4.593287,1236372
1979-12-13,15.595124,15.595124,15.445746,15.535373,4.575684,1379465
1979-12-14,15.535373,15.804254,15.505497,15.774379,4.646080,1725482
1979-12-17,15.744503,15.744503,15.625000,15.625000,4.602083,1166081
1979-12-18,15.595124,15.595124,15.266491,15.296367,4.505291,2198692
1979-12-19,15.296367,15.445746,15.117113,15.385994,4.531684,2087816
1979-12-20,15.385994,15.714627,15.326243,15.565249,4.584485,1545988
1979-12-21,15.565249,15.595124,15.296367,15.296367,4.505291,1450174
1979-12-24,15.296367,15.505497,15.296367,15.505497,4.566885,737639
1979-12-26,15.505497,15.565249,15.385994,15.505497,4.566885,683247
1979-12-27,15.505497,15.535373,15.356119,15.475621,4.558084,1061899
1979-12-28,15.445746,15.445746,15.296367,15.356119,4.522888,1168173
1979-12-31,15.356119,15.445746,15.296367,15.385994,4.531684,1291182
1980-01-02,15.057361,15.415870,14.937859,14.937859,4.399700,1723808
1980-01-03,14.937859,15.176864,14.639101,15.176864,4.470093,2553495
1980-01-04,15.176864,15.236616,15.057361,15.146989,4.461292,1978195
1980-01-07,15.146989,15.146989,14.967734,15.087237,4.443695,1480718
1980-01-08,15.087237,16.132887,14.967734,16.103010,4.742871,2968130
1980-01-09,16.103010,16.252390,15.625000,15.625000,4.602083,3380672
1980-01-10,15.774379,16.192638,15.774379,16.132887,4.751673,2219194
1980-01-11,16.132887,16.312141,15.684751,16.013384,4.716475,2280280
1980-01-14,16.013384,16.073135,15.834130,15.983509,4.707675,1663977
1980-01-15,15.983509,16.790154,15.893881,16.760277,4.936461,3922500
1980-01-16,16.760277,16.939531,16.670650,16.730402,4.927663,6284368
1980-01-17,16.730402,16.820028,16.551147,16.551147,4.874866,2564792
1980-01-18,16.551147,16.670650,16.401770,16.640774,4.901263,2732570
1980-01-21,16.640774,16.700525,16.491396,16.491396,4.857266,1557285
1980-01-22,16.491396,16.700525,16.491396,16.491396,4.857266,1766066
1980-01-23,16.491396,17.029160,16.491396,17.029160,5.015657,2218357
1980-01-24,17.029160,17.088909,16.760277,16.879780,4.971655,2291158
1980-01-25,16.879780,16.909657,16.700525,16.760277,4.936461,1405406
1980-01-28,16.760277,17.208412,16.760277,16.969406,4.998056,1522976
1980-01-29,16.969406,17.059034,16.581022,16.820028,4.954057,1496617
1980-01-30,16.820028,16.879780,16.640774,16.820028,4.954057,1452266
1980-01-31,16.820028,16.999283,16.312141,16.401770,4.830866,2451824
1980-02-01,16.401770,16.610899,16.342016,16.581022,4.883664,1513353
1980-02-04,16.581022,16.640774,16.401770,16.521273,4.866066,1205829
1980-02-05,16.521273,16.640774,16.431644,16.640774,4.901263,1595778
1980-02-06,16.491396,16.491396,16.192638,16.342016,4.873466,2133003
1980-02-07,16.312141,16.312141,16.043261,16.043261,4.784369,2145555
1980-02-08,16.043261,16.162764,15.834130,16.073135,4.793281,2631318
1980-02-11,16.073135,16.132887,15.893881,15.953633,4.757643,1663140
1980-02-12,15.953633,16.461519,15.864006,16.461519,4.909104,1619626
1980-02-13,16.551147,16.849903,16.551147,16.581022,4.944741,3376488
1980-02-14,16.581022,16.790154,16.282267,16.282267,4.855648,2008320
1980-02-15,16.252390,16.252390,16.043261,16.162764,4.820010,2438435
1980-02-19,16.162764,16.192638,15.864006,16.013384,4.775462,1878616
1980-02-20,16.043261,16.192638,16.043261,16.073135,4.793281,1112944
1980-02-21,16.043261,16.043261,15.744503,15.834130,4.722006,1502056
1980-02-22,15.834130,15.834130,15.654876,15.774379,4.704186,1910833
1980-02-25,15.744503,15.744503,15.505497,15.565249,4.641820,2273167
1980-02-26,15.565249,15.625000,15.445746,15.535373,4.632909,2209152
1980-02-27,15.535373,15.565249,14.818356,14.818356,4.419084,2881521
1980-02-28,14.848231,15.296367,14.848231,15.146989,4.517087,2885705
1980-02-29,15.146989,15.236616,15.057361,15.176864,4.525998,2729223
1980-03-03,15.176864,15.176864,14.967734,14.997610,4.472538,1424652
1980-03-04,14.997610,15.146989,14.878107,15.117113,4.508178,1873177
1980-03-05,15.087237,15.087237,14.758604,14.818356,4.419084,1917946
1980-03-06,14.818356,14.878107,14.489723,14.609226,4.356719,2876082
1980-03-07,14.609226,14.788480,14.549474,14.579350,4.347810,2616255
1980-03-10,14.609226,14.878107,14.609226,14.728728,4.392356,2055599
1980-03-11,14.728728,14.878107,14.698853,14.878107,4.436901,2101623
1980-03-12,14.848231,14.848231,14.549474,14.668977,4.374536,2073590
1980-03-13,14.639101,14.639101,14.310468,14.370220,4.285444,2347224
1980-03-14,14.370220,14.519598,14.250717,14.310468,4.267622,2033006
1980-03-17,14.310468,14.429971,14.131214,14.131214,4.214165,1735105
1980-03-18,14.131214,14.400096,14.011711,14.250717,4.249806,2065222
1980-03-19,14.250717,14.280593,14.041587,14.071463,4.196348,1541804
1980-03-20,14.071463,14.161090,13.862333,13.922084,4.151800,2005391
1980-03-21,13.892208,13.892208,13.444073,13.563576,4.044886,6192320
1980-03-24,13.473948,13.473948,12.906310,12.936185,3.857787,3011643
1980-03-25,12.936185,13.175191,12.906310,13.085564,3.902333,3138837
1980-03-26,13.085564,13.354446,12.547801,12.667304,3.777606,3266030
1980-03-27,12.667304,13.742830,12.278920,13.742830,4.098343,3578575
1980-03-28,13.473948,13.473948,12.936185,13.354446,3.982522,2420026
1980-03-31,13.354446,13.354446,13.055688,13.324570,3.973613,1627576
1980-04-01,13.324570,13.324570,13.025813,13.115440,3.911247,2257268
1980-04-02,13.115440,13.384321,13.055688,13.264818,3.955791,15629332
1980-04-03,13.264818,13.354446,13.055688,13.115440,3.911247,1417539
1980-04-07,13.115440,13.115440,12.756931,12.756931,3.804332,2294087
1980-04-08,12.756931,13.324570,12.667304,12.786807,3.813240,2184048
1980-04-09,12.786807,13.085564,12.756931,13.055688,3.893426,2145974
1980-04-10,13.055688,13.205067,12.906310,12.966061,3.866698,2112502
1980-04-11,12.966061,13.145315,12.786807,12.786807,3.813240,2726713
1980-04-14,12.786807,12.846558,12.607553,12.667304,3.777606,1397874
1980-04-15,12.667304,12.786807,12.398423,12.428298,3.706328,2426302
1980-04-16,12.428298,12.637428,12.189293,12.219168,3.643963,2812903
1980-04-17,12.219168,12.338671,12.039914,12.249044,3.652874,1886984
1980-04-18,12.249044,12.368547,12.159417,12.249044,3.652874,1723390
1980-04-21,12.249044,12.338671,12.069790,12.249044,3.652874,2777339
1980-04-22,12.428298,13.025813,12.428298,12.876434,3.839973,3438411
1980-04-23,12.876434,12.995937,12.727055,12.786807,3.813240,3185698
1980-04-24,12.786807,12.966061,12.727055,12.846558,3.831060,1556448
1980-04-25,12.846558,13.234943,12.637428,13.234943,3.946880,1706235
1980-04-28,13.234943,13.234943,12.995937,13.025813,3.884518,1941376
1980-04-29,13.025813,13.175191,12.936185,13.115440,3.911247,1250598
1980-04-30,13.115440,13.175191,12.816683,13.115440,3.911247,1467747
1980-05-01,13.115440,13.115440,12.846558,12.995937,3.875608,1221310
1980-05-02,12.995937,12.995937,12.876434,12.906310,3.848879,1020059
1980-05-05,12.906310,13.324570,12.846558,13.234943,3.946880,1442643
1980-05-06,13.234943,13.324570,13.085564,13.115440,3.911247,1483646
1980-05-07,13.115440,13.324570,13.085564,13.175191,3.929065,1735523
1980-05-08,12.995937,12.995937,12.786807,12.876434,3.900828,1624647
1980-05-09,12.846558,12.846558,12.428298,12.458174,3.774116,4372280
1980-05-12,12.458174,12.667304,12.458174,12.488050,3.783169,1298714
1980-05-13,12.517925,12.727055,12.517925,12.727055,3.855576,1839705
1980-05-14,12.727055,12.786807,12.667304,12.667304,3.837472,1796191
1980-05-15,12.667304,12.727055,12.547801,12.547801,3.801271,1780292
1980-05-16,12.547801,12.667304,12.547801,12.667304,3.837472,1276120
1980-05-19,12.667304,12.846558,12.637428,12.756931,3.864624,2090745
1980-05-20,12.756931,12.786807,12.577677,12.607553,3.819370,2584457
1980-05-21,12.607553,12.637428,12.458174,12.637428,3.828421,1360218
1980-05-22,12.637428,12.936185,12.607553,12.846558,3.891776,2388227
1980-05-23,12.876434,13.145315,12.876434,13.085564,3.964180,3353476
1980-05-27,13.115440,13.294694,13.115440,13.205067,4.000382,2743867
1980-05-28,13.205067,13.533700,13.175191,13.473948,4.081839,2643451
1980-05-29,13.414197,13.414197,12.995937,12.995937,3.937030,1934263
1980-05-30,12.995937,13.264818,12.936185,13.234943,4.009431,1844307
1980-06-02,13.234943,13.712954,13.205067,13.384321,4.054688,2853070
1980-06-03,13.384321,13.653203,13.384321,13.473948,4.081839,2738846
1980-06-04,13.503824,13.892208,13.503824,13.892208,4.208549,3790286
1980-06-05,13.892208,13.951960,13.593451,13.623327,4.127093,2735081
1980-06-06,13.653203,13.832457,13.653203,13.653203,4.136142,1353106
1980-06-09,13.653203,13.742830,13.533700,13.563576,4.108989,1330094
1980-06-10,13.563576,13.802581,13.533700,13.742830,4.163292,1548080
1980-06-11,13.742830,13.951960,13.683078,13.862333,4.199499,2138861
1980-06-12,13.862333,13.951960,13.683078,13.862333,4.199499,2190742
1980-06-13,13.862333,14.131214,13.832457,14.071463,4.262853,1888239
1980-06-16,14.071463,14.429971,14.041587,14.429971,4.371459,3388622
1980-06-17,14.429971,14.429971,14.071463,14.071463,4.262853,2247226
1980-06-18,14.071463,14.280593,14.071463,14.250717,4.317157,2068988
1980-06-19,14.250717,14.280593,13.772706,13.832457,4.190448,1402477
1980-06-20,13.832457,13.951960,13.802581,13.832457,4.190448,1231351
1980-06-23,13.832457,14.161090,13.832457,14.071463,4.262853,2290740
1980-06-24,14.071463,14.190966,13.981836,14.190966,4.299053,1860625
1980-06-25,14.190966,14.400096,14.101338,14.280593,4.326206,2393666
1980-06-26,14.280593,14.400096,14.131214,14.161090,4.290007,2038445
1980-06-27,14.161090,14.340344,14.041587,14.280593,4.326206,1427162
1980-06-30,14.220841,14.220841,13.951960,14.041587,4.253802,1268170
1980-07-01,14.041587,14.250717,13.951960,14.220841,4.308105,1702888
1980-07-02,14.220841,14.579350,14.190966,14.489723,4.389561,2673994
1980-07-03,14.489723,14.698853,14.489723,14.609226,4.425764,1948907
1980-07-07,14.609226,14.878107,14.579350,14.818356,4.489118,2462284
1980-07-08,14.818356,14.878107,14.639101,14.758604,4.471018,2104552
1980-07-09,14.758604,15.027486,14.639101,14.698853,4.452915,1999115
1980-07-10,14.698853,14.907983,14.639101,14.728728,4.461967,1472350
1980-07-11,14.728728,15.027486,14.728728,14.997610,4.543423,1804559
1980-07-14,14.997610,15.535373,14.997610,15.535373,4.706331,2112083
1980-07-15,15.535373,15.595124,15.236616,15.236616,4.615828,2315007
1980-07-16,15.236616,15.445746,15.206740,15.356119,4.652027,2210407
1980-07-17,15.356119,15.684751,15.296367,15.684751,4.751587,1276120
1980-07-18,15.684751,15.714627,15.505497,15.565249,4.715386,1833010
1980-07-21,15.565249,15.774379,15.356119,15.774379,4.778740,1829245
1980-07-22,15.774379,15.804254,15.475621,15.565249,4.715386,2313752
1980-07-23,15.565249,15.625000,15.385994,15.505497,4.697280,1878616
1980-07-24,15.505497,15.535373,15.356119,15.475621,4.688229,1662722
1980-07-25,15.445746,15.445746,15.266491,15.385994,4.661078,1572347
1980-07-28,15.385994,15.595124,15.296367,15.535373,4.706331,1133027
1980-07-29,15.535373,15.654876,15.385994,15.565249,4.715386,1717950
1980-07-30,15.565249,15.774379,15.565249,15.654876,4.742536,2325049
1980-07-31,15.625000,15.625000,15.385994,15.595124,4.724438,2694914
1980-08-01,15.595124,15.625000,15.385994,15.565249,4.715386,1885729
1980-08-04,15.535373,15.535373,15.415870,15.475621,4.688229,1563142
1980-08-05,15.475621,15.625000,15.326243,15.356119,4.652027,1321307
1980-08-06,15.356119,15.684751,15.296367,15.684751,4.751587,1676947
1980-08-07,15.684751,15.714627,15.475621,15.714627,4.823851,2139698
1980-08-08,15.714627,15.834130,15.595124,15.595124,4.787173,3118335
1980-08-11,15.595124,15.953633,15.565249,15.953633,4.897221,1775690
1980-08-12,15.953633,16.252390,15.864006,15.953633,4.897221,2940934
1980-08-13,15.953633,16.132887,15.893881,15.953633,4.897221,1892005
1980-08-14,15.953633,16.521273,15.953633,16.461519,5.053124,1977777
1980-08-15,16.461519,16.521273,16.312141,16.431644,5.043953,2163128
1980-08-18,16.252390,16.252390,15.864006,15.864006,4.869705,2304966
1980-08-19,15.864006,16.013384,15.744503,15.774379,4.842197,1891168
1980-08-20,15.774379,16.222513,15.744503,15.983509,4.906387,1421723
1980-08-21,15.983509,16.192638,15.923757,16.132887,4.952244,1144742
1980-08-22,16.132887,16.461519,16.103010,16.103010,4.943069,1713766
1980-08-25,16.103010,16.132887,15.923757,16.043261,4.924730,1028846
1980-08-26,16.043261,16.192638,15.923757,15.953633,4.897221,1979869
1980-08-27,15.953633,16.013384,15.744503,15.744503,4.833025,2476510
1980-08-28,15.744503,15.774379,15.505497,15.535373,4.768826,1765230
1980-08-29,15.535373,15.684751,15.475621,15.654876,4.805512,1582389
1980-09-02,15.654876,15.893881,15.625000,15.804254,4.851365,1222565
1980-09-03,15.804254,16.132887,15.804254,16.132887,4.952244,1492851
1980-09-04,16.132887,16.282267,15.834130,15.923757,4.888048,2295761
1980-09-05,15.923757,16.073135,15.804254,15.893881,4.878877,1002905
1980-09-08,15.893881,15.923757,15.356119,15.356119,4.713801,1057297
1980-09-09,15.356119,15.834130,15.326243,15.804254,4.851365,1726318
1980-09-10,15.804254,15.834130,15.595124,15.714627,4.823851,1575276
1980-09-11,15.714627,15.864006,15.714627,15.864006,4.869705,1782384
1980-09-12,15.864006,15.893881,15.714627,15.744503,4.833025,1809162
1980-09-15,15.744503,15.834130,15.535373,15.804254,4.851365,1363566
1980-09-16,15.804254,15.864006,15.595124,15.684751,4.814681,1791589
1980-09-17,15.684751,16.222513,15.684751,16.073135,4.933904,3470628
1980-09-18,16.073135,16.103010,15.834130,15.893881,4.878877,4292784
1980-09-19,15.893881,16.132887,15.834130,16.013384,4.915561,2296179
1980-09-22,16.013384,16.342016,15.893881,16.282267,4.998098,2380278
1980-09-23,16.282267,16.491396,15.684751,15.983509,4.906387,3844678
1980-09-24,15.983509,16.252390,15.953633,16.132887,4.952244,2291577
1980-09-25,16.132887,16.222513,15.804254,15.804254,4.851365,2678597
1980-09-26,15.744503,15.744503,15.356119,15.445746,4.741316,2896583
1980-09-29,15.356119,15.356119,15.146989,15.236616,4.677121,2788218
1980-09-30,15.266491,15.415870,15.266491,15.326243,4.704634,2167312
1980-10-01,15.326243,15.684751,15.206740,15.445746,4.741316,2531738
1980-10-02,15.445746,15.625000,15.326243,15.625000,4.796340,2000370
1980-10-03,15.654876,16.013384,15.654876,15.834130,4.860535,2080285
1980-10-06,15.893881,16.312141,15.893881,16.252390,4.988929,3090302
1980-10-07,16.252390,16.312141,16.043261,16.192638,4.970584,2920432
1980-10-08,16.252390,16.820028,16.252390,16.730402,5.135664,4895280
1980-10-09,16.730402,16.939531,16.670650,16.760277,5.144831,4958040
1980-10-10,16.760277,17.088909,16.521273,16.551147,5.080636,4619136
1980-10-13,16.551147,16.909657,16.551147,16.849903,5.172345,1546406
1980-10-14,16.849903,16.939531,16.610899,16.670650,5.117319,3005367
1980-10-15,16.640774,16.820028,16.640774,16.820028,5.163174,1458961
1980-10-16,16.820028,16.999283,16.371893,16.401770,5.034780,3888191
1980-10-17,16.401770,16.581022,16.192638,16.252390,4.988929,2333835
1980-10-20,16.252390,16.371893,15.893881,16.371893,5.025611,1976103
1980-10-21,16.371893,16.461519,16.132887,16.252390,4.988929,2632573
1980-10-22,16.252390,16.282267,16.132887,16.192638,4.970584,1837613
1980-10-23,16.192638,16.192638,15.684751,15.744503,4.833025,1890331
1980-10-24,15.744503,15.923757,15.654876,15.923757,4.888048,1941794
1980-10-27,15.893881,15.893881,15.714627,15.804254,4.851365,1020059
1980-10-28,15.804254,15.953633,15.744503,15.923757,4.888048,2037190
1980-10-29,15.923757,16.043261,15.654876,15.654876,4.805512,1607074
1980-10-30,15.654876,15.834130,15.565249,15.565249,4.777999,1648914
1980-10-31,15.595124,16.073135,15.595124,15.923757,4.888048,2258523
1980-11-03,15.953633,16.162764,15.953633,16.132887,4.952244,1588246
1980-11-05,16.252390,16.790154,16.252390,16.371893,5.090468,4631688
1980-11-06,16.282267,16.282267,15.834130,15.893881,4.941838,2505798
1980-11-07,15.893881,16.043261,15.893881,16.043261,4.988286,1829663
1980-11-10,16.043261,16.073135,15.893881,16.073135,4.997577,1474442
1980-11-11,16.073135,16.192638,15.983509,16.043261,4.988286,1301642
1980-11-12,16.073135,16.999283,16.073135,16.939531,5.266960,4493616
1980-11-13,16.939531,17.118786,16.790154,17.029160,5.294832,5518696
1980-11-14,17.029160,17.268164,16.820028,17.118786,5.322698,3778570
1980-11-17,17.118786,17.148663,16.879780,17.118786,5.322698,3184024
1980-11-18,17.118786,17.357792,17.118786,17.208412,5.350568,3575646
1980-11-19,17.208412,17.387667,17.029160,17.059034,5.304117,2695751
1980-11-20,17.059034,17.268164,16.879780,17.208412,5.350568,2020035
1980-11-21,17.118786,17.118786,16.760277,16.820028,5.229804,1580715
1980-11-24,16.820028,16.820028,16.610899,16.820028,5.229804,2153923
1980-11-25,16.820028,16.879780,16.610899,16.610899,5.164781,1968572
1980-11-26,16.610899,16.670650,16.401770,16.431644,5.109046,2207897
1980-11-28,16.431644,16.461519,16.162764,16.282267,5.062601,1687407
1980-12-01,16.252390,16.252390,15.893881,15.893881,4.941838,2096184
1980-12-02,15.893881,16.252390,15.834130,16.222513,5.044024,2581946
1980-12-03,16.222513,16.491396,16.132887,16.252390,5.053311,2343040
1980-12-04,16.252390,16.610899,16.132887,16.342016,5.081177,2337601
1980-12-05,16.342016,16.461519,16.132887,16.132887,5.016154,2008320
1980-12-08,16.073135,16.073135,15.774379,15.864006,4.932550,2956833
1980-12-09,15.864006,15.953633,15.684751,15.804254,4.913974,3663092
1980-12-10,15.804254,15.893881,15.236616,15.236616,4.737480,2040118
1980-12-11,15.236616,15.415870,15.117113,15.415870,4.793215,3030471
1980-12-12,15.415870,15.774379,15.385994,15.714627,4.886104,2546801
1980-12-15,15.714627,15.864006,15.415870,15.415870,4.793215,1408334
1980-12-16,15.415870,15.834130,15.385994,15.834130,4.923263,1914598
1980-12-17,15.774379,15.774379,15.475621,15.595124,4.848952,2135514
1980-12-18,15.595124,15.684751,15.206740,15.206740,4.728190,2739683
1980-12-19,15.236616,15.505497,15.236616,15.445746,4.802502,4230024
1980-12-22,15.445746,16.073135,15.415870,16.043261,4.988286,2281535
1980-12-23,16.043261,16.282267,15.983509,16.073135,4.997577,2452242
1980-12-24,16.073135,16.431644,16.013384,16.371893,5.090468,1214615
1980-12-26,16.371893,16.491396,16.342016,16.491396,5.127623,716719
1980-12-29,16.491396,16.610899,16.192638,16.252390,5.053311,1448082
1980-12-30,16.252390,16.551147,16.222513,16.401770,5.099754,1559795
1980-12-31,16.401770,16.521273,16.132887,16.222513,5.044024,1569837
1981-01-02,16.222513,16.551147,16.162764,16.521273,5.136916,1224238
1981-01-05,16.610899,16.909657,16.610899,16.790154,5.220514,3257244
1981-01-06,16.790154,17.088909,16.640774,17.088909,5.313407,4075216
1981-01-07,16.760277,16.760277,16.521273,16.610899,5.164781,4987328
1981-01-08,16.610899,16.670650,16.103010,16.162764,5.025446,2656003
1981-01-09,16.162764,16.252390,15.953633,16.103010,5.006863,1604564
1981-01-12,16.103010,16.252390,15.834130,15.953633,4.960418,2458937
1981-01-13,15.953633,15.953633,15.595124,15.893881,4.941838,2893654
1981-01-14,15.893881,16.132887,15.864006,15.953633,4.960418,1879453
1981-01-15,15.953633,15.953633,15.684751,15.714627,4.886104,1906649
1981-01-16,15.714627,16.013384,15.714627,15.983509,4.969706,3525857
1981-01-19,15.983509,16.073135,15.864006,15.923757,4.951129,2325886
1981-01-20,15.923757,16.043261,15.475621,15.535373,4.830369,2495338
1981-01-21,15.535373,15.684751,15.445746,15.565249,4.839662,1786150
1981-01-22,15.565249,15.625000,15.415870,15.595124,4.848952,1463145
1981-01-23,15.595124,15.684751,15.505497,15.535373,4.830369,1145161
1981-01-26,15.535373,15.654876,15.445746,15.535373,4.830369,1280722
1981-01-27,15.535373,15.744503,15.535373,15.654876,4.867528,1339717
1981-01-28,15.654876,15.684751,15.415870,15.445746,4.802502,1153110
1981-01-29,15.445746,15.654876,15.415870,15.505497,4.821078,1536783
1981-01-30,15.505497,15.654876,15.296367,15.385994,4.783921,1498290
1981-02-02,15.385994,15.385994,15.057361,15.146989,4.709612,1596614
1981-02-03,15.146989,15.356119,15.146989,15.356119,4.774634,1463982
1981-02-04,15.356119,15.475621,15.206740,15.415870,4.793215,1786568
1981-02-05,15.415870,15.415870,15.266491,15.296367,4.820327,1215870
1981-02-06,15.296367,15.475621,15.296367,15.356119,4.839157,1909578
1981-02-09,15.356119,15.385994,15.117113,15.176864,4.782666,1194114
1981-02-10,15.176864,15.206740,14.997610,15.057361,4.745012,1642638
1981-02-11,15.057361,15.117113,14.907983,14.967734,4.716764,1500801
1981-02-12,14.967734,14.997610,14.758604,14.758604,4.650864,1335114
1981-02-13,14.758604,14.848231,14.639101,14.758604,4.650864,1566908
1981-02-17,14.758604,14.937859,14.728728,14.818356,4.669693,1635526
1981-02-18,14.818356,14.907983,14.728728,14.818356,4.669693,1670671
1981-02-19,14.818356,14.878107,14.609226,14.639101,4.613204,1833847
1981-02-20,14.639101,14.728728,14.400096,14.459847,4.556718,1429673
1981-02-23,14.459847,14.907983,14.459847,14.818356,4.669693,2453498
1981-02-24,14.818356,14.967734,14.788480,14.848231,4.679109,2188232
1981-02-25,14.848231,15.356119,14.788480,15.356119,4.839157,2098276
1981-02-26,15.356119,15.505497,15.146989,15.475621,4.876817,2679015
1981-02-27,15.415870,15.415870,15.236616,15.356119,4.839157,1956020
1981-03-02,15.356119,15.356119,15.146989,15.206740,4.792083,1210013
1981-03-03,15.206740,15.236616,14.937859,14.937859,4.707352,1443898
1981-03-04,14.937859,15.027486,14.728728,14.788480,4.660275,1315031
1981-03-05,14.788480,14.907983,14.788480,14.818356,4.669693,1284070
1981-03-06,14.818356,14.907983,14.698853,14.788480,4.660275,1335114
1981-03-09,14.758604,15.117113,14.758604,15.057361,4.745012,1738452
1981-03-10,15.057361,15.146989,14.878107,14.937859,4.707352,2027985
1981-03-11,14.937859,14.997610,14.758604,14.878107,4.688520,1665232
1981-03-12,14.907983,15.326243,14.907983,15.296367,4.820327,1668579
1981-03-13,15.296367,15.445746,15.117113,15.117113,4.763840,1682386
1981-03-16,15.117113,15.475621,15.027486,15.445746,4.867403,2173170
1981-03-17,15.445746,15.595124,15.326243,15.356119,4.839157,2966038
1981-03-18,15.356119,15.595124,15.356119,15.475621,4.876817,1836358
1981-03-19,15.475621,15.475621,15.117113,15.236616,4.801500,2142208
1981-03-20,15.236616,15.326243,14.997610,15.087237,4.754426,2719182
1981-03-23,15.087237,15.146989,14.967734,15.027486,4.735594,2576507
1981-03-24,15.027486,15.117113,14.848231,14.878107,4.688520,2727131
1981-03-25,14.878107,15.326243,14.848231,15.266491,4.810913,1781547
1981-03-26,15.266491,15.356119,14.967734,15.087237,4.754426,4840888
1981-03-27,15.087237,15.146989,14.728728,14.758604,4.650864,2403708
1981-03-30,14.758604,14.848231,14.668977,14.698853,4.632034,1516700
1981-03-31,14.788480,14.967734,14.788480,14.907983,4.697941,1979869
1981-04-01,14.907983,15.146989,14.818356,15.057361,4.745012,3732546
1981-04-02,14.997610,14.997610,14.788480,14.848231,4.679109,2021290
1981-04-03,14.848231,14.907983,14.519598,14.609226,4.603789,2597846
1981-04-06,14.579350,14.579350,14.310468,14.429971,4.547301,2412076
1981-04-07,14.429971,14.489723,14.340344,14.340344,4.519058,2526299
1981-04-08,14.340344,14.459847,14.310468,14.340344,4.519058,2791983
1981-04-09,14.340344,14.758604,14.280593,14.758604,4.650864,3589454
1981-04-10,14.758604,15.117113,14.459847,14.519598,4.575545,5305312
1981-04-13,14.519598,14.519598,14.370220,14.370220,4.528473,3992373
1981-04-14,14.340344,14.340344,14.131214,14.131214,4.453155,4326256
1981-04-15,14.131214,14.310468,14.101338,14.250717,4.490814,4183582
1981-04-16,14.280593,14.400096,14.280593,14.340344,4.519058,3131724
1981-04-20,14.340344,14.758604,14.280593,14.728728,4.641447,3528786
1981-04-21,14.668977,14.668977,14.429971,14.459847,4.556718,3074822
1981-04-22,14.459847,14.579350,14.370220,14.429971,4.547301,3000765
1981-04-23,14.429971,14.668977,14.400096,14.429971,4.547301,2906206
1981-04-24,14.429971,14.609226,14.280593,14.489723,4.566132,2696170
1981-04-27,14.489723,14.668977,14.489723,14.609226,4.603789,3592801
1981-04-28,14.609226,14.639101,14.310468,14.429971,4.547301,2791146
1981-04-29,14.400096,14.400096,14.220841,14.250717,4.490814,2931729
1981-04-30,14.250717,14.280593,14.011711,14.011711,4.415494,2314589
1981-05-01,14.011711,14.190966,13.981836,14.131214,4.453155,2379022
1981-05-04,13.951960,13.951960,13.892208,13.951960,4.396667,2045976
1981-05-05,13.922084,13.922084,13.712954,13.802581,4.349593,4899464
1981-05-06,13.802581,13.892208,13.772706,13.832457,4.359008,2519605
1981-05-07,13.772706,13.772706,13.623327,13.712954,4.386529,1840960
1981-05-08,13.712954,13.832457,13.623327,13.832457,4.424757,2045139
1981-05-11,13.772706,13.772706,13.384321,13.384321,4.281405,2894910
1981-05-12,13.414197,13.593451,13.414197,13.563576,4.338750,2509563
1981-05-13,13.563576,13.683078,13.503824,13.563576,4.338750,1484902
1981-05-14,13.563576,13.653203,13.473948,13.533700,4.329191,2384043
1981-05-15,13.533700,13.593451,13.384321,13.473948,4.310078,2714998
1981-05-18,13.473948,13.593451,13.444073,13.563576,4.338750,2060620
1981-05-19,13.533700,13.533700,13.324570,13.533700,4.329191,2578181
1981-05-20,13.533700,13.533700,13.414197,13.473948,4.310078,1456032
1981-05-21,13.473948,13.473948,13.264818,13.294694,4.252736,1932171
1981-05-22,13.294694,13.354446,13.205067,13.264818,4.243180,1834266
1981-05-26,13.264818,13.473948,13.175191,13.414197,4.290963,2154342
1981-05-27,13.414197,13.892208,13.354446,13.832457,4.424757,2819598
1981-05-28,13.832457,13.981836,13.683078,13.862333,4.434317,2929637
1981-05-29,13.862333,14.131214,13.832457,14.041587,4.491655,3334230
1981-06-01,14.280593,14.519598,14.280593,14.400096,4.606336,4556376
1981-06-02,14.400096,14.459847,14.310468,14.310468,4.577664,3127958
1981-06-03,14.280593,14.280593,13.981836,14.131214,4.520324,2547638
1981-06-04,14.131214,14.131214,13.772706,13.862333,4.434317,1967735
1981-06-05,13.862333,13.981836,13.862333,13.951960,4.462986,2048068
1981-06-08,13.951960,14.071463,13.922084,13.922084,4.453427,1481136
1981-06-09,13.892208,13.892208,13.653203,13.712954,4.386529,1358545
1981-06-10,13.712954,13.922084,13.712954,13.832457,4.424757,2304129
1981-06-11,13.832457,14.220841,13.832457,14.101338,4.510769,2225051
1981-06-12,14.101338,14.250717,14.041587,14.190966,4.539438,3459331
1981-06-15,14.250717,14.429971,14.250717,14.310468,4.577664,2170659
1981-06-16,14.280593,14.280593,14.041587,14.071463,4.501214,3110804
1981-06-17,14.071463,14.071463,13.862333,13.981836,4.472541,2279862
1981-06-18,13.981836,13.981836,13.683078,13.772706,4.405647,1344738
1981-06-19,13.772706,13.862333,13.712954,13.742830,4.396088,1374026
1981-06-22,13.772706,13.922084,13.772706,13.892208,4.443874,1501638
1981-06-23,13.892208,14.250717,13.892208,14.190966,4.539438,2439272
1981-06-24,14.190966,14.220841,14.011711,14.220841,4.548995,1751422
1981-06-25,14.220841,14.370220,14.041587,14.101338,4.510769,1799538
1981-06-26,14.101338,14.250717,14.011711,14.041587,4.491655,1692428
1981-06-29,14.041587,14.131214,13.772706,13.832457,4.424757,1248506
1981-06-30,13.832457,13.862333,13.683078,13.832457,4.424757,1159386
1981-07-01,13.832457,13.832457,13.563576,13.593451,4.348301,1653935
1981-07-02,13.593451,13.683078,13.473948,13.593451,4.348301,1819203
1981-07-06,13.593451,13.653203,13.473948,13.623327,4.357864,1408334
1981-07-07,13.623327,13.712954,13.473948,13.623327,4.357864,2551403
1981-07-08,13.623327,13.653203,13.473948,13.533700,4.329191,1422560
1981-07-09,13.533700,13.593451,13.473948,13.533700,4.329191,1347248
1981-07-10,13.503824,13.503824,13.444073,13.473948,4.310078,1572347
1981-07-13,13.444073,13.444073,13.324570,13.354446,4.271851,1948070
1981-07-14,13.354446,13.593451,13.294694,13.593451,4.348301,2238022
1981-07-15,13.593451,13.593451,13.473948,13.533700,4.329191,2121288
1981-07-16,13.533700,13.593451,13.414197,13.533700,4.329191,1404569
1981-07-17,13.533700,13.533700,13.414197,13.414197,4.290963,1126333
1981-07-20,13.354446,13.354446,13.205067,13.234943,4.233622,1871922
1981-07-21,13.234943,13.294694,13.175191,13.264818,4.243180,1614187
1981-07-22,13.264818,13.354446,13.175191,13.175191,4.214508,1455195
1981-07-23,13.175191,13.205067,13.085564,13.115440,4.195395,1822969
1981-07-24,13.115440,13.175191,13.055688,13.145315,4.204953,1294530
1981-07-27,13.145315,13.294694,13.115440,13.294694,4.252736,1388251
1981-07-28,13.264818,13.264818,13.145315,13.234943,4.233622,1042234
1981-07-29,13.234943,13.324570,13.205067,13.234943,4.233622,979056
1981-07-30,13.234943,13.533700,13.205067,13.473948,4.310078,1592012
1981-07-31,13.473948,13.533700,13.384321,13.414197,4.290963,1125496
1981-08-03,13.414197,13.563576,13.414197,13.503824,4.319634,1216289
1981-08-04,13.503824,13.922084,13.444073,13.922084,4.453427,2072754
1981-08-05,13.922084,14.041587,13.862333,13.951960,4.462986,2335090
1981-08-06,13.742830,13.742830,13.593451,13.593451,4.413320,1272773
1981-08-07,13.593451,13.683078,13.563576,13.623327,4.423021,1416284
1981-08-10,13.623327,13.892208,13.563576,13.832457,4.490921,1761882
1981-08-11,13.832457,14.071463,13.832457,14.041587,4.558819,2286556
1981-08-12,14.041587,14.041587,13.832457,13.832457,4.490921,1643894
1981-08-13,13.892208,14.011711,13.892208,13.922084,4.520018,1407916
1981-08-14,13.922084,14.041587,13.862333,13.862333,4.500620,1473186
1981-08-17,13.862333,13.922084,13.563576,13.563576,4.403622,951860
1981-08-18,13.563576,13.653203,13.444073,13.533700,4.393922,2017943
1981-08-19,13.533700,13.683078,13.533700,13.623327,4.423021,1469839
1981-08-20,13.623327,13.742830,13.623327,13.683078,4.442423,1791589
1981-08-21,13.683078,13.712954,13.563576,13.593451,4.413320,851862
1981-08-24,13.533700,13.533700,13.294694,13.354446,4.335729,1732594
1981-08-25,13.354446,13.533700,13.175191,13.354446,4.335729,2282790
1981-08-26,13.354446,13.414197,13.234943,13.264818,4.306625,1356453
1981-08-27,13.264818,13.473948,13.145315,13.205067,4.287229,1910833
1981-08-28,13.234943,13.414197,13.234943,13.354446,4.335729,2006228
1981-08-31,13.354446,13.473948,13.145315,13.175191,4.277527,1580297
1981-09-01,13.175191,13.414197,13.145315,13.384321,4.345427,2328814
1981-09-02,13.384321,13.444073,13.294694,13.324570,4.326028,1620045
1981-09-03,13.324570,13.414197,13.025813,13.055688,4.238729,1831755
1981-09-04,13.055688,13.115440,12.906310,12.906310,4.190233,2000789
1981-09-08,12.906310,12.936185,12.756931,12.906310,4.190233,2326304
1981-09-09,12.906310,13.025813,12.816683,12.936185,4.199931,1631342
1981-09-10,12.936185,13.145315,12.936185,13.085564,4.248429,1836776
1981-09-11,13.085564,13.414197,13.085564,13.324570,4.326028,2292832
1981-09-14,13.324570,13.563576,13.145315,13.354446,4.335729,1620463
1981-09-15,13.354446,13.503824,13.264818,13.264818,4.306625,1659374
1981-09-16,13.234943,13.234943,13.025813,13.115440,4.258129,1558540
1981-09-17,13.115440,13.175191,12.786807,12.936185,4.199931,2307894
1981-09-18,12.936185,13.025813,12.876434,12.906310,4.190233,1448082
1981-09-21,12.906310,13.175191,12.846558,13.115440,4.258129,2018780
1981-09-22,13.115440,13.145315,12.936185,12.995937,4.219331,1787823
1981-09-23,12.995937,13.055688,12.756931,13.025813,4.229031,1630923
1981-09-24,13.025813,13.205067,12.966061,13.055688,4.238729,2081958
1981-09-25,12.966061,12.966061,12.727055,12.816683,4.161136,2193253
1981-09-28,12.816683,13.145315,12.488050,13.115440,4.258129,3430880
1981-09-29,13.115440,13.115440,12.697180,12.727055,4.132034,2230490
1981-09-30,12.727055,13.025813,12.697180,12.936185,4.199931,2217102
1981-10-01,12.936185,12.995937,12.846558,12.906310,4.190233,1932590
1981-10-02,12.966061,13.175191,12.966061,13.145315,4.267826,2636757
1981-10-05,13.145315,13.264818,13.085564,13.175191,4.277527,2446385
1981-10-06,13.175191,13.175191,12.966061,12.966061,4.209629,1684897
1981-10-07,12.966061,13.145315,12.936185,13.145315,4.267826,1653098
1981-10-08,13.145315,13.264818,13.025813,13.264818,4.306625,2169822
1981-10-09,13.264818,13.444073,13.175191,13.354446,4.335729,4099483
1981-10-12,13.354446,13.384321,13.175191,13.264818,4.306625,2243042
1981-10-13,13.175191,13.175191,12.786807,12.846558,4.170835,3409123
1981-10-14,12.756931,12.756931,12.488050,12.547801,4.073837,3834218
1981-10-15,12.547801,12.637428,12.458174,12.488050,4.054438,2107062
1981-10-16,12.488050,12.517925,12.189293,12.249044,3.976841,2445966
1981-10-19,12.249044,12.338671,12.099665,12.249044,3.976841,3055994
1981-10-20,12.308795,12.398423,12.308795,12.338671,4.005939,1854767
1981-10-21,12.338671,12.488050,12.219168,12.278920,3.986543,2000370
1981-10-22,12.278920,12.338671,12.159417,12.219168,3.967142,1084911
1981-10-23,12.219168,12.219168,12.129541,12.189293,3.957442,1777363
1981-10-26,12.159417,12.159417,12.039914,12.099665,3.928339,1507495
1981-10-27,12.129541,12.249044,12.129541,12.129541,3.938042,1869411
1981-10-28,12.129541,12.159417,11.830784,11.830784,3.841045,3351384
1981-10-29,11.830784,11.890535,11.561902,11.711281,3.802249,3968524
1981-10-30,11.741157,12.368547,11.741157,12.308795,3.996238,3666858
1981-11-02,12.428298,12.697180,12.428298,12.667304,4.112633,3816226
1981-11-03,12.667304,12.667304,12.488050,12.667304,4.112633,2961854
1981-11-04,12.517925,12.517925,12.368547,12.517925,4.131169,1687407
1981-11-05,12.517925,12.607553,12.308795,12.308795,4.062155,1951418
1981-11-06,12.308795,12.368547,12.129541,12.159417,4.012858,2652238
1981-11-09,12.159417,12.368547,12.159417,12.338671,4.072012,2176098
1981-11-10,12.428298,12.667304,12.428298,12.488050,4.121311,3287369
1981-11-11,12.488050,12.577677,12.249044,12.547801,4.141031,1552682
1981-11-12,12.547801,12.697180,12.488050,12.607553,4.160751,2158944
1981-11-13,12.577677,12.577677,12.308795,12.338671,4.072012,1749330
1981-11-16,12.249044,12.249044,12.069790,12.189293,4.022715,1578623
1981-11-17,12.189293,12.278920,12.099665,12.189293,4.022715,1976940
1981-11-18,12.189293,12.219168,12.010038,12.039914,3.973416,2269402
1981-11-19,12.039914,12.039914,11.920411,12.039914,3.973416,2068151
1981-11-20,12.039914,12.159417,12.010038,12.099665,3.993137,1515026
1981-11-23,12.099665,12.159417,12.069790,12.069790,3.983277,1851002
1981-11-24,12.069790,12.517925,12.069790,12.488050,4.121311,2791983
1981-11-25,12.547801,12.697180,12.547801,12.577677,4.150889,3648030
1981-11-27,12.637428,13.025813,12.637428,13.025813,4.298785,2482367
1981-11-30,13.025813,13.025813,12.846558,13.025813,4.298785,2649727
1981-12-01,13.025813,13.055688,12.876434,12.936185,4.269204,2204550
1981-12-02,12.846558,12.846558,12.667304,12.667304,4.180469,1564398
1981-12-03,12.667304,12.906310,12.667304,12.906310,4.259345,2080703